policy_number,transaction_id,premium_date,amount,payment_method,status,org_code
AIL0000001,6DEC4B0D529B3B96,2026-03-01,121.56,EFT,PAID,ail
AIL0000001,A82E2D6137164F31,2026-01-30,121.56,CHECK,PAID,ail
AIL0000001,1F4F4A0F507FFC32,2025-12-31,121.56,EFT,PAID,ail
AIL0000002,7722EC2C36B9CA35,2026-03-01,366.26,CREDIT_CARD,PAID,ail
AIL0000002,10F4C9418FC7AD79,2026-01-30,366.26,CHECK,PAID,ail
AIL0000002,37ABAED786FAAA83,2025-12-31,366.26,EFT,PENDING,ail
AIL0000003,CEB380ACE223E389,2026-03-01,78.20,CREDIT_CARD,PAID,ail
AIL0000003,6BF7D125A571F542,2026-01-30,78.20,CREDIT_CARD,RETURNED,ail
AIL0000003,32B9FC5651F37A1F,2025-12-31,78.20,EFT,PAID,ail
AIL0000004,46401757FD81A925,2026-03-01,144.97,CHECK,PAID,ail
AIL0000004,99F75C762BCFD03F,2026-01-30,144.97,CHECK,PENDING,ail
AIL0000004,0571DD83938FDB37,2025-12-31,144.97,CHECK,PAID,ail
AIL0000005,01308BE0FCEA9A96,2026-03-01,589.30,CHECK,PAID,ail
AIL0000005,671E9BB8F783B6F6,2026-01-30,589.30,EFT,PENDING,ail
AIL0000005,565F2EA80A03C8CD,2025-12-31,589.30,CREDIT_CARD,PAID,ail
AIL0000006,6A429BD5CD7182B4,2026-03-01,1112.48,CREDIT_CARD,PAID,ail
AIL0000006,5887F3D2C0F1FA3A,2026-01-30,1112.48,CHECK,PAID,ail
AIL0000006,7E6AE55C502C36F1,2025-12-31,1112.48,CREDIT_CARD,PAID,ail
AIL0000007,7E4B4F10745F780E,2026-03-01,1057.85,CREDIT_CARD,PAID,ail
AIL0000007,9E33BDBCF00D5A65,2026-01-30,1057.85,EFT,PAID,ail
AIL0000007,02A95064D3511E95,2025-12-31,1057.85,EFT,PAID,ail
AIL0000008,6F88E2C0B968AB06,2026-03-01,328.91,EFT,PAID,ail
AIL0000008,E6FB976BB95F22D5,2026-01-30,328.91,CHECK,PENDING,ail
AIL0000008,B0309415EF21DB2C,2025-12-31,328.91,EFT,PAID,ail
AIL0000009,F27815F60C49F33A,2026-03-01,3350.51,CHECK,PAID,ail
AIL0000009,9CDD39A7B01BA134,2026-01-30,3350.51,CHECK,PAID,ail
AIL0000009,23447519ECC38555,2025-12-31,3350.51,CREDIT_CARD,RETURNED,ail
AIL0000010,C0C6E3FF25E36CCD,2026-03-01,1479.82,CREDIT_CARD,RETURNED,ail
AIL0000010,1F53DB6EAB117736,2026-01-30,1479.82,CREDIT_CARD,PENDING,ail
AIL0000010,A948EC667A59697D,2025-12-31,1479.82,CHECK,PAID,ail
AIL0000011,178029E939D00762,2026-03-01,444.64,CHECK,PAID,ail
AIL0000011,8EFADAA15A5ED7EB,2026-01-30,444.64,EFT,PAID,ail
AIL0000011,F8C59AC6133CA9CF,2025-12-31,444.64,CHECK,PAID,ail
AIL0000012,D189F75077D8B428,2026-03-01,386.90,CHECK,PAID,ail
AIL0000012,356AD6515727BD83,2026-01-30,386.90,CREDIT_CARD,PENDING,ail
AIL0000012,C2AF56A650384C0D,2025-12-31,386.90,CHECK,RETURNED,ail
AIL0000013,EA041D0B1B0C9092,2026-03-01,1243.63,EFT,PAID,ail
AIL0000013,F99DD6D562B51781,2026-01-30,1243.63,CHECK,PENDING,ail
AIL0000013,6673D42DC7AF75DE,2025-12-31,1243.63,EFT,PAID,ail
AIL0000014,F39526574EA12BD9,2026-03-01,1878.75,CREDIT_CARD,PAID,ail
AIL0000014,1B6FB706E04E6585,2026-01-30,1878.75,CREDIT_CARD,PAID,ail
AIL0000014,75FA0EBEE4E39C20,2025-12-31,1878.75,EFT,PAID,ail
AIL0000015,5A19D7AB73E0467E,2026-03-01,622.81,CHECK,PAID,ail
AIL0000015,5ABBB78F1585665D,2026-01-30,622.81,CHECK,PAID,ail
AIL0000015,6E4C1501808F8CB9,2025-12-31,622.81,CREDIT_CARD,PAID,ail
AIL0000016,0C941263190A40D6,2026-03-01,59.78,CREDIT_CARD,RETURNED,ail
AIL0000016,31A580D76C2EC07E,2026-01-30,59.78,CHECK,PAID,ail
AIL0000016,46A3110A98139B31,2025-12-31,59.78,CREDIT_CARD,PENDING,ail
AIL0000017,0CC46000AE608948,2026-03-01,2349.42,CREDIT_CARD,PAID,ail
AIL0000017,1D7CF46D3836613C,2026-01-30,2349.42,EFT,PAID,ail
AIL0000017,10DB5FDC3D1FD7C0,2025-12-31,2349.42,CREDIT_CARD,PAID,ail
AIL0000018,B7403274B3133C8E,2026-03-01,1909.35,CHECK,RETURNED,ail
AIL0000018,BBE277BA384A9967,2026-01-30,1909.35,CREDIT_CARD,PAID,ail
AIL0000018,C92572852BC8906F,2025-12-31,1909.35,EFT,PAID,ail
AIL0000019,BBDFB57449B8F7BA,2026-03-01,472.45,EFT,PAID,ail
AIL0000019,B3521505E8646E0C,2026-01-30,472.45,CREDIT_CARD,RETURNED,ail
AIL0000019,E81B60FFDA41A15F,2025-12-31,472.45,CREDIT_CARD,PAID,ail
AIL0000020,2FF5CDAB2AA946D4,2026-03-01,65.91,CHECK,RETURNED,ail
AIL0000020,AA810850034296FA,2026-01-30,65.91,CHECK,RETURNED,ail
AIL0000020,F9705E4B2D71A040,2025-12-31,65.91,CHECK,PAID,ail
AIL0000021,9810B8C1027DEB45,2026-03-01,83.05,CHECK,RETURNED,ail
AIL0000021,DF8B40087D01B5A3,2026-01-30,83.05,EFT,RETURNED,ail
AIL0000021,0473B982D1A529DB,2025-12-31,83.05,CREDIT_CARD,PAID,ail
AIL0000022,C1472FF22AD47BBA,2026-03-01,648.38,EFT,PAID,ail
AIL0000022,BC76B752CDCBE818,2026-01-30,648.38,CHECK,RETURNED,ail
AIL0000022,FD6314F259CCC94A,2025-12-31,648.38,CREDIT_CARD,PAID,ail
AIL0000023,0378BCB77570B0AC,2026-03-01,329.46,CHECK,PAID,ail
AIL0000023,84909370E430FB91,2026-01-30,329.46,CREDIT_CARD,PENDING,ail
AIL0000023,AF8F8CF0451A9EC7,2025-12-31,329.46,CREDIT_CARD,PAID,ail
AIL0000024,A8CC45153862ABCF,2026-03-01,717.71,EFT,PAID,ail
AIL0000024,93DC8EEA3E8EE36A,2026-01-30,717.71,CREDIT_CARD,RETURNED,ail
AIL0000024,16DAA8F5BE8EB66F,2025-12-31,717.71,EFT,RETURNED,ail
AIL0000025,A07BF99BE08C82EA,2026-03-01,1231.16,CREDIT_CARD,PENDING,ail
AIL0000025,FCC1C48C730350CA,2026-01-30,1231.16,CREDIT_CARD,PAID,ail
AIL0000025,594DE8D7ADD74B0F,2025-12-31,1231.16,CHECK,RETURNED,ail
AIL0000026,4F2FCFD646B821C7,2026-03-01,265.15,EFT,PAID,ail
AIL0000026,57E0D57BB3AB800B,2026-01-30,265.15,CREDIT_CARD,PAID,ail
AIL0000026,9110C9FD747CB18F,2025-12-31,265.15,CHECK,PAID,ail
AIL0000027,AF7EAD9EED5F24C3,2026-03-01,147.12,EFT,RETURNED,ail
AIL0000027,F777C81685EF875E,2026-01-30,147.12,CHECK,PENDING,ail
AIL0000027,4DBBB7CD29A099DE,2025-12-31,147.12,CHECK,PAID,ail
AIL0000028,0A7BE6E774300CCC,2026-03-01,113.66,EFT,PAID,ail
AIL0000028,0D9E13281F997C80,2026-01-30,113.66,CHECK,PAID,ail
AIL0000028,A9065C795A2D6AEE,2025-12-31,113.66,EFT,PAID,ail
AIL0000029,C90703E848841707,2026-03-01,290.80,CREDIT_CARD,PENDING,ail
AIL0000029,B69415C7160452B7,2026-01-30,290.80,CHECK,PAID,ail
AIL0000029,6E9AE156325CBA4E,2025-12-31,290.80,CREDIT_CARD,PAID,ail
AIL0000030,5AC92DB2EED4D005,2026-03-01,385.83,EFT,RETURNED,ail
AIL0000030,E7773701F7873461,2026-01-30,385.83,EFT,PAID,ail
AIL0000030,4F8C61B998D788D9,2025-12-31,385.83,EFT,PENDING,ail
AIL0000031,9402C7BECDEBDD3C,2026-03-01,258.56,EFT,PAID,ail
AIL0000031,8DE58A886A93716A,2026-01-30,258.56,EFT,PAID,ail
AIL0000031,9110F6984C1E172A,2025-12-31,258.56,CREDIT_CARD,RETURNED,ail
AIL0000032,D57758F5E03C63DF,2026-03-01,1365.63,CHECK,PAID,ail
AIL0000032,B1B2B9C67120721E,2026-01-30,1365.63,CHECK,PENDING,ail
AIL0000032,5B88FC72B66CDB02,2025-12-31,1365.63,CHECK,PAID,ail
AIL0000033,7616B5036906B588,2026-03-01,405.75,EFT,PENDING,ail
AIL0000033,6BC152ADC44B04E8,2026-01-30,405.75,EFT,PAID,ail
AIL0000033,C960B8514D696E19,2025-12-31,405.75,EFT,PENDING,ail
AIL0000034,E660A8E08B13B689,2026-03-01,294.85,CREDIT_CARD,PAID,ail
AIL0000034,6485525ED858F464,2026-01-30,294.85,EFT,RETURNED,ail
AIL0000034,CEB7138A767A92B7,2025-12-31,294.85,CREDIT_CARD,RETURNED,ail
AIL0000035,D473F3B5452A2DA7,2026-03-01,366.17,CREDIT_CARD,PAID,ail
AIL0000035,D26AAB2718EF2501,2026-01-30,366.17,CHECK,PENDING,ail
AIL0000035,DD43B0CF54D09314,2025-12-31,366.17,EFT,PAID,ail
AIL0000036,B78A2037BD46EBD5,2026-03-01,1774.64,EFT,PAID,ail
AIL0000036,BD8C6F4F8FE275B1,2026-01-30,1774.64,CHECK,PAID,ail
AIL0000036,A3C14A53ACF96A12,2025-12-31,1774.64,EFT,PAID,ail
AIL0000037,01A6C260EFC08273,2026-03-01,3049.71,CHECK,PENDING,ail
AIL0000037,113038F51D5D8F65,2026-01-30,3049.71,EFT,PAID,ail
AIL0000037,8513176C1EFC1C94,2025-12-31,3049.71,EFT,PAID,ail
AIL0000038,817C6779D52D8F91,2026-03-01,667.18,CHECK,RETURNED,ail
AIL0000038,4CC7CDA21F2F087D,2026-01-30,667.18,CHECK,RETURNED,ail
AIL0000038,3C243B45D1FD4711,2025-12-31,667.18,CREDIT_CARD,PAID,ail
AIL0000039,A87D2106DBFBFEA4,2026-03-01,162.99,CREDIT_CARD,PAID,ail
AIL0000039,058B5EE1A2DDD15A,2026-01-30,162.99,EFT,PAID,ail
AIL0000039,3D9D542AA84FA67F,2025-12-31,162.99,EFT,PENDING,ail
AIL0000040,7AFFD9BD79E58450,2026-03-01,535.80,CHECK,PAID,ail
AIL0000040,96B93974F58703C5,2026-01-30,535.80,CHECK,PAID,ail
AIL0000040,62C526AB6424FA05,2025-12-31,535.80,CREDIT_CARD,PAID,ail
AIL0000041,072915C725EE3DFD,2026-03-01,2443.86,CHECK,RETURNED,ail
AIL0000041,02D22EE763B1A52E,2026-01-30,2443.86,CREDIT_CARD,PAID,ail
AIL0000041,E4AA212AA68213C7,2025-12-31,2443.86,CREDIT_CARD,PENDING,ail
AIL0000042,F679D5445ACF614A,2026-03-01,216.69,EFT,RETURNED,ail
AIL0000042,46E32EFC75566FF1,2026-01-30,216.69,EFT,PAID,ail
AIL0000042,DC6BF2C8DB184D46,2025-12-31,216.69,CREDIT_CARD,PAID,ail
AIL0000043,8356ED6163FFF4B5,2026-03-01,115.05,EFT,PAID,ail
AIL0000043,A7EB40085A13F4BB,2026-01-30,115.05,CREDIT_CARD,PENDING,ail
AIL0000043,DBD165A3B716307D,2025-12-31,115.05,EFT,PAID,ail
AIL0000044,64D88360EC68FC07,2026-03-01,2006.88,EFT,RETURNED,ail
AIL0000044,9B1872AC78C4C27F,2026-01-30,2006.88,CREDIT_CARD,PAID,ail
AIL0000044,81C974A0ED6AE39F,2025-12-31,2006.88,CREDIT_CARD,PENDING,ail
AIL0000045,F487A21F96BF02DD,2026-03-01,856.40,CREDIT_CARD,PAID,ail
AIL0000045,675DB93BD4736D37,2026-01-30,856.40,EFT,PAID,ail
AIL0000045,28BFFFDDBB9DDC31,2025-12-31,856.40,EFT,PAID,ail
AIL0000046,79F633E8ADE81084,2026-03-01,139.58,CHECK,PAID,ail
AIL0000046,EAD217D1CEFD7DEE,2026-01-30,139.58,CREDIT_CARD,PAID,ail
AIL0000046,2C8B2151E1792FCD,2025-12-31,139.58,CREDIT_CARD,RETURNED,ail
AIL0000047,0FDA6CA4107A8BCC,2026-03-01,3755.31,CREDIT_CARD,PAID,ail
AIL0000047,BFFBBC83D8C80184,2026-01-30,3755.31,EFT,RETURNED,ail
AIL0000047,A19C7CAF9B45C430,2025-12-31,3755.31,EFT,PAID,ail
AIL0000048,221A7C4E60AC4A64,2026-03-01,836.03,CREDIT_CARD,PENDING,ail
AIL0000048,40A3823B321A9240,2026-01-30,836.03,CHECK,RETURNED,ail
AIL0000048,33815E0D39BA243A,2025-12-31,836.03,CREDIT_CARD,PAID,ail
AIL0000049,313A4C74CA3DB769,2026-03-01,518.12,EFT,PENDING,ail
AIL0000049,AB2D2FEFF5B79271,2026-01-30,518.12,EFT,PAID,ail
AIL0000049,E4AEB85F23FBE8F2,2025-12-31,518.12,EFT,PAID,ail
AIL0000050,126C4E50DD4F4AF2,2026-03-01,1667.22,CHECK,PAID,ail
AIL0000050,E9368AD0F52EAF63,2026-01-30,1667.22,CREDIT_CARD,PENDING,ail
AIL0000050,351D1137D5185B72,2025-12-31,1667.22,CREDIT_CARD,RETURNED,ail
AIL0000051,8F06C963E65664AC,2026-03-01,1097.12,EFT,PAID,ail
AIL0000051,604948BEA01ED90E,2026-01-30,1097.12,EFT,PENDING,ail
AIL0000051,846A4A71C84A89B8,2025-12-31,1097.12,CHECK,PAID,ail
AIL0000052,8A60B33299FB38A9,2026-03-01,1500.46,CHECK,PAID,ail
AIL0000052,4A36A7C0F0CC4F56,2026-01-30,1500.46,CHECK,RETURNED,ail
AIL0000052,DF5864D511655B1E,2025-12-31,1500.46,EFT,PAID,ail
AIL0000053,848BE725DA6B0060,2026-03-01,1043.64,CREDIT_CARD,PENDING,ail
AIL0000053,0E807F039E5F8378,2026-01-30,1043.64,CREDIT_CARD,PAID,ail
AIL0000053,EADA2885EFDA70BF,2025-12-31,1043.64,CHECK,PAID,ail
AIL0000054,55A47EAB3354B4BE,2026-03-01,119.39,EFT,PAID,ail
AIL0000054,BBDF144CD11756D5,2026-01-30,119.39,CHECK,PAID,ail
AIL0000054,CE3FDE9A12AA5AB4,2025-12-31,119.39,CREDIT_CARD,PENDING,ail
AIL0000055,588955C0090D7D2F,2026-03-01,1623.41,EFT,RETURNED,ail
AIL0000055,EDEAC5B89CC862CD,2026-01-30,1623.41,EFT,PENDING,ail
AIL0000055,454009F221249735,2025-12-31,1623.41,CREDIT_CARD,PAID,ail
AIL0000056,A67C7BD739A9A8A9,2026-03-01,762.11,CHECK,RETURNED,ail
AIL0000056,D98EB024C8132025,2026-01-30,762.11,EFT,PAID,ail
AIL0000056,C60B846E06BF1FB7,2025-12-31,762.11,EFT,PENDING,ail
AIL0000057,BCE88F22AF001605,2026-03-01,1413.85,EFT,PENDING,ail
AIL0000057,C403B430631A9C3C,2026-01-30,1413.85,CHECK,PAID,ail
AIL0000057,8CAEF9EC6D44F723,2025-12-31,1413.85,EFT,PAID,ail
AIL0000058,E74F232BFB876271,2026-03-01,379.88,CHECK,PAID,ail
AIL0000058,EB068B1E6FC0174F,2026-01-30,379.88,EFT,PAID,ail
AIL0000058,02929D3D96AFA28A,2025-12-31,379.88,EFT,RETURNED,ail
AIL0000059,89458E1BCB0DE65C,2026-03-01,3697.88,CREDIT_CARD,PAID,ail
AIL0000059,DF8DB15703D06453,2026-01-30,3697.88,CREDIT_CARD,PAID,ail
AIL0000059,0E80EA41139CD2B0,2025-12-31,3697.88,EFT,RETURNED,ail
AIL0000060,9A37EF9D5983CE94,2026-03-01,644.99,CREDIT_CARD,PAID,ail
AIL0000060,9B2AEEA621351574,2026-01-30,644.99,CHECK,RETURNED,ail
AIL0000060,13A96A92A8164D18,2025-12-31,644.99,EFT,PAID,ail
AIL0000061,BC3749B1B48B9A8C,2026-03-01,184.26,CHECK,PAID,ail
AIL0000061,F1015BFE4D7EFC8E,2026-01-30,184.26,CHECK,PENDING,ail
AIL0000061,3E84455FA7553468,2025-12-31,184.26,CREDIT_CARD,PAID,ail
AIL0000062,0DD2C8431AB88733,2026-03-01,348.20,CHECK,RETURNED,ail
AIL0000062,7C781B989F32FD3E,2026-01-30,348.20,CHECK,PAID,ail
AIL0000062,D767A6DA231B0C86,2025-12-31,348.20,CREDIT_CARD,PAID,ail
AIL0000063,5F54F3321F6C6A86,2026-03-01,163.72,CREDIT_CARD,PAID,ail
AIL0000063,B2C689863C2FDB76,2026-01-30,163.72,CHECK,RETURNED,ail
AIL0000063,7FB866B205733D10,2025-12-31,163.72,EFT,PAID,ail
AIL0000064,F710900BD3C1FE3F,2026-03-01,898.10,EFT,PAID,ail
AIL0000064,6249A5869C186D49,2026-01-30,898.10,CHECK,PAID,ail
AIL0000064,71AB471162794A6E,2025-12-31,898.10,EFT,PAID,ail
AIL0000065,885164476E5B9598,2026-03-01,1901.96,EFT,PAID,ail
AIL0000065,5909B7D6C353B9E4,2026-01-30,1901.96,EFT,PENDING,ail
AIL0000065,EC35FB0C561266FB,2025-12-31,1901.96,CHECK,PENDING,ail
AIL0000066,D4490964B9CD213B,2026-03-01,67.56,CREDIT_CARD,RETURNED,ail
AIL0000066,BAAE905CC8594DFB,2026-01-30,67.56,CREDIT_CARD,PAID,ail
AIL0000066,635B36BD8DA4AFBE,2025-12-31,67.56,CREDIT_CARD,PAID,ail
AIL0000067,6C8073B776A81A27,2026-03-01,1856.95,CREDIT_CARD,PENDING,ail
AIL0000067,299CCD734295F5C9,2026-01-30,1856.95,CHECK,RETURNED,ail
AIL0000067,3CFC7050ECB697A2,2025-12-31,1856.95,EFT,PAID,ail
AIL0000068,15E5BE78463E9BB3,2026-03-01,737.42,EFT,PENDING,ail
AIL0000068,650495B5923278BF,2026-01-30,737.42,EFT,PENDING,ail
AIL0000068,A8C34B2544CCA057,2025-12-31,737.42,CHECK,PENDING,ail
AIL0000069,522C5C44A928A5B2,2026-03-01,52.34,CHECK,PAID,ail
AIL0000069,709DE505046B96F9,2026-01-30,52.34,EFT,RETURNED,ail
AIL0000069,7AEEE7DF5BD55037,2025-12-31,52.34,CREDIT_CARD,PENDING,ail
AIL0000070,145D2F7EF057712B,2026-03-01,1336.27,CHECK,PENDING,ail
AIL0000070,10652764F40B0779,2026-01-30,1336.27,CHECK,PAID,ail
AIL0000070,46B1654AC96782FB,2025-12-31,1336.27,CHECK,RETURNED,ail
AIL0000071,DF0987E9259B5AEA,2026-03-01,303.67,CREDIT_CARD,PAID,ail
AIL0000071,09DB40A9A793EB81,2026-01-30,303.67,EFT,PENDING,ail
AIL0000071,513CD4649473B7CD,2025-12-31,303.67,EFT,PENDING,ail
AIL0000072,FDF1D205B6ECB84E,2026-03-01,174.72,CHECK,PAID,ail
AIL0000072,DB847C06D84D6427,2026-01-30,174.72,CHECK,PENDING,ail
AIL0000072,3C1517FC99BF88ED,2025-12-31,174.72,CHECK,PAID,ail
AIL0000073,13D3C72682D33948,2026-03-01,1152.85,EFT,PAID,ail
AIL0000073,D44260D25F116839,2026-01-30,1152.85,CREDIT_CARD,RETURNED,ail
AIL0000073,E037E9536D2D7CB9,2025-12-31,1152.85,CHECK,PAID,ail
AIL0000074,55C1A0D95C3BC3E5,2026-03-01,88.64,CHECK,PAID,ail
AIL0000074,4B47B715F9375FFF,2026-01-30,88.64,CREDIT_CARD,PAID,ail
AIL0000074,4A76A0EA0B6B9944,2025-12-31,88.64,EFT,PENDING,ail
AIL0000075,5027B309CEDB5488,2026-03-01,124.27,CREDIT_CARD,PENDING,ail
AIL0000075,5813D72FB67CB2AC,2026-01-30,124.27,EFT,RETURNED,ail
AIL0000075,A8350A400858714D,2025-12-31,124.27,CREDIT_CARD,PAID,ail
AIL0000076,F486A2511414F827,2026-03-01,965.89,EFT,PAID,ail
AIL0000076,930E7347FF70ABAA,2026-01-30,965.89,CREDIT_CARD,PENDING,ail
AIL0000076,BBA8E16689F9C43E,2025-12-31,965.89,EFT,PENDING,ail
AIL0000077,86423A80A8C12F22,2026-03-01,194.57,CREDIT_CARD,RETURNED,ail
AIL0000077,D604AE9F31ED10F5,2026-01-30,194.57,CREDIT_CARD,PAID,ail
AIL0000077,3E3A0DFC5424AAE4,2025-12-31,194.57,CHECK,PAID,ail
AIL0000078,B16D3DA71D8BF69B,2026-03-01,1298.94,EFT,RETURNED,ail
AIL0000078,68F0E5F2E1568AD3,2026-01-30,1298.94,CHECK,PAID,ail
AIL0000078,1391D18A8171D955,2025-12-31,1298.94,CHECK,RETURNED,ail
AIL0000079,3AD1C48F6B39C4DC,2026-03-01,1333.13,CREDIT_CARD,PAID,ail
AIL0000079,C6C550543EB4A527,2026-01-30,1333.13,CHECK,PENDING,ail
AIL0000079,42A1A4299B050A6C,2025-12-31,1333.13,CHECK,PAID,ail
AIL0000080,814961366BC822F4,2026-03-01,1010.55,EFT,PENDING,ail
AIL0000080,C5CC0FB0E1A62208,2026-01-30,1010.55,EFT,PAID,ail
AIL0000080,2AB1803803F89C7B,2025-12-31,1010.55,EFT,RETURNED,ail
AIL0000081,7848C332EE1CAEC8,2026-03-01,83.35,CREDIT_CARD,PAID,ail
AIL0000081,D577C13108B92ED4,2026-01-30,83.35,CHECK,PAID,ail
AIL0000081,12B1178BFD6C47E3,2025-12-31,83.35,EFT,PENDING,ail
AIL0000082,6C1FB2FCE77D9BEC,2026-03-01,1693.41,CHECK,PAID,ail
AIL0000082,3DCEAD918E93ABD2,2026-01-30,1693.41,CREDIT_CARD,PAID,ail
AIL0000082,D3208F77E5BDBB3E,2025-12-31,1693.41,CHECK,PENDING,ail
AIL0000083,0B94B2ABB8E0C2E1,2026-03-01,117.29,EFT,PAID,ail
AIL0000083,68AC039CE921F231,2026-01-30,117.29,CREDIT_CARD,RETURNED,ail
AIL0000083,4A0EFBE56F8963B3,2025-12-31,117.29,CHECK,PAID,ail
AIL0000084,EA95611396ED4815,2026-03-01,137.15,CREDIT_CARD,PAID,ail
AIL0000084,97F31BAF01FE1D86,2026-01-30,137.15,CREDIT_CARD,PAID,ail
AIL0000084,611EB15C741A5B09,2025-12-31,137.15,CHECK,RETURNED,ail
AIL0000085,F1DC527047802D60,2026-03-01,170.06,EFT,PAID,ail
AIL0000085,0C5C994057537534,2026-01-30,170.06,CREDIT_CARD,PENDING,ail
AIL0000085,821B390C946F9F07,2025-12-31,170.06,CHECK,PAID,ail
AIL0000086,F41978CD2DACA88B,2026-03-01,1160.89,EFT,PAID,ail
AIL0000086,E1E3EDA6BC106EC9,2026-01-30,1160.89,CREDIT_CARD,PAID,ail
AIL0000086,933C3B76473BCCD4,2025-12-31,1160.89,CREDIT_CARD,PAID,ail
AIL0000087,49B016E51E595D1F,2026-03-01,275.22,CHECK,RETURNED,ail
AIL0000087,2B589B3FE2A63E3C,2026-01-30,275.22,CHECK,PAID,ail
AIL0000087,1B2AA4E4C0E354E7,2025-12-31,275.22,EFT,PAID,ail
AIL0000088,823A0B12D6BAF0F2,2026-03-01,829.20,EFT,PAID,ail
AIL0000088,F5B92B3C0A2CBB1B,2026-01-30,829.20,CREDIT_CARD,PENDING,ail
AIL0000088,7D058C0701B4CDFC,2025-12-31,829.20,EFT,PAID,ail
AIL0000089,6D2F458D9237E145,2026-03-01,346.86,CREDIT_CARD,RETURNED,ail
AIL0000089,742F790ED4BEE4E4,2026-01-30,346.86,CHECK,PAID,ail
AIL0000089,D84126ACEB4F9EFB,2025-12-31,346.86,EFT,RETURNED,ail
AIL0000090,DD500D6B163CB529,2026-03-01,425.14,EFT,PAID,ail
AIL0000090,F7EBA7E91DD07EC8,2026-01-30,425.14,CHECK,PAID,ail
AIL0000090,BA345E8238F1F1AB,2025-12-31,425.14,EFT,PAID,ail
AIL0000091,A170920C7416386B,2026-03-01,313.78,CREDIT_CARD,PENDING,ail
AIL0000091,B4F17CA912F776D1,2026-01-30,313.78,CREDIT_CARD,PAID,ail
AIL0000091,6EF1D60C09D1C11F,2025-12-31,313.78,EFT,PENDING,ail
AIL0000092,D66F3FFFA93FD7EC,2026-03-01,211.80,CREDIT_CARD,PAID,ail
AIL0000092,020A5C40A095C0D0,2026-01-30,211.80,EFT,PAID,ail
AIL0000092,F17316D5DF42EABD,2025-12-31,211.80,EFT,PAID,ail
AIL0000093,2FE61A89D059B594,2026-03-01,152.39,CREDIT_CARD,RETURNED,ail
AIL0000093,A280771032D5AD87,2026-01-30,152.39,EFT,PENDING,ail
AIL0000093,36D5187BBFDBB10B,2025-12-31,152.39,EFT,RETURNED,ail
AIL0000094,B5C1F0273563559E,2026-03-01,1236.53,EFT,PAID,ail
AIL0000094,9D065AE84358CE3F,2026-01-30,1236.53,CHECK,PENDING,ail
AIL0000094,7BF6B2AD5944A69C,2025-12-31,1236.53,CREDIT_CARD,PAID,ail
AIL0000095,4AC81BDAE0028F9A,2026-03-01,697.13,CREDIT_CARD,RETURNED,ail
AIL0000095,6467E0C0A1497B65,2026-01-30,697.13,CREDIT_CARD,PAID,ail
AIL0000095,18B666F84BA0768A,2025-12-31,697.13,EFT,PAID,ail
AIL0000096,498A9D9DC39159B8,2026-03-01,2195.86,CHECK,RETURNED,ail
AIL0000096,6CC3F8AAA9943D14,2026-01-30,2195.86,EFT,PAID,ail
AIL0000096,A91DECB251A3D21B,2025-12-31,2195.86,EFT,PAID,ail
AIL0000097,E1D5FCEAC610024B,2026-03-01,2898.67,CHECK,RETURNED,ail
AIL0000097,3C1FC9AAAFEDC6C3,2026-01-30,2898.67,EFT,PAID,ail
AIL0000097,E3CAA0C4371132B7,2025-12-31,2898.67,CHECK,PAID,ail
AIL0000098,514F6FD9ACCC1507,2026-03-01,1344.92,CHECK,RETURNED,ail
AIL0000098,660FDC406CD9DC3F,2026-01-30,1344.92,CHECK,PAID,ail
AIL0000098,380CFD3DBA6A741C,2025-12-31,1344.92,CHECK,PAID,ail
AIL0000099,E028C315928FBBAE,2026-03-01,452.07,EFT,PENDING,ail
AIL0000099,1C3DA4EBA012C6C2,2026-01-30,452.07,CREDIT_CARD,PENDING,ail
AIL0000099,8A2E30D69ADEBCC2,2025-12-31,452.07,EFT,PAID,ail
AIL0000100,55525E11B4693821,2026-03-01,359.13,CHECK,PENDING,ail
AIL0000100,84C62E4B0C995E2D,2026-01-30,359.13,EFT,PAID,ail
AIL0000100,2830AFFAFC37337A,2025-12-31,359.13,CREDIT_CARD,RETURNED,ail
AIL0000101,2951C8A7CD210A34,2026-03-01,2997.09,CHECK,PAID,ail
AIL0000101,BBBBCCCC8D8E352B,2026-01-30,2997.09,EFT,PAID,ail
AIL0000101,C14FA9BE05209457,2025-12-31,2997.09,CREDIT_CARD,PAID,ail
AIL0000102,282D94A30AD33361,2026-03-01,2725.53,CHECK,PAID,ail
AIL0000102,C5BCC4CDA1AD9F14,2026-01-30,2725.53,CREDIT_CARD,PAID,ail
AIL0000102,1FA70E6BBFFA749E,2025-12-31,2725.53,CHECK,RETURNED,ail
AIL0000103,DCAAF6A5451EA1DB,2026-03-01,82.18,EFT,PAID,ail
AIL0000103,B417DEE1B8DC6390,2026-01-30,82.18,CREDIT_CARD,RETURNED,ail
AIL0000103,D48B5D0DBE1E70BC,2025-12-31,82.18,CREDIT_CARD,PENDING,ail
AIL0000104,CAE9250B9693FFD8,2026-03-01,3631.57,CHECK,PAID,ail
AIL0000104,4FEBAA0EDBFB491A,2026-01-30,3631.57,CHECK,RETURNED,ail
AIL0000104,4D59F68E05FFA2F2,2025-12-31,3631.57,CHECK,RETURNED,ail
AIL0000105,9381EBB3A7F2F07E,2026-03-01,319.41,CHECK,RETURNED,ail
AIL0000105,38E591C417D2EFE7,2026-01-30,319.41,CHECK,PENDING,ail
AIL0000105,E85CC86348CFF1DA,2025-12-31,319.41,CREDIT_CARD,PENDING,ail
AIL0000106,7F3DADBDFE3F5662,2026-03-01,245.89,CREDIT_CARD,RETURNED,ail
AIL0000106,8BECC264C3405500,2026-01-30,245.89,CREDIT_CARD,PAID,ail
AIL0000106,F9A6174493EFE8F0,2025-12-31,245.89,EFT,RETURNED,ail
AIL0000107,902AD0197A0FFA86,2026-03-01,724.81,EFT,PAID,ail
AIL0000107,A1420851CF473D72,2026-01-30,724.81,EFT,PAID,ail
AIL0000107,DD655951352AA2AF,2025-12-31,724.81,CHECK,PENDING,ail
AIL0000108,D68BC80F9DD23036,2026-03-01,81.16,CHECK,PENDING,ail
AIL0000108,C2B579C2910F445D,2026-01-30,81.16,EFT,PAID,ail
AIL0000108,696F90744084A290,2025-12-31,81.16,CHECK,PAID,ail
AIL0000109,90B84F94B062259E,2026-03-01,825.41,CREDIT_CARD,RETURNED,ail
AIL0000109,B0BDE14F44A524D9,2026-01-30,825.41,EFT,PENDING,ail
AIL0000109,7FF3E8188BABB414,2025-12-31,825.41,CHECK,PAID,ail
AIL0000110,8E07D8FC83B1C1EC,2026-03-01,461.31,CREDIT_CARD,PAID,ail
AIL0000110,B30269AA6CFACECC,2026-01-30,461.31,EFT,RETURNED,ail
AIL0000110,297EEF2F037CE599,2025-12-31,461.31,CREDIT_CARD,PAID,ail
AIL0000111,1D191F64F8CF814A,2026-03-01,1478.70,EFT,RETURNED,ail
AIL0000111,CD9B79FDA04C57F6,2026-01-30,1478.70,CREDIT_CARD,RETURNED,ail
AIL0000111,8C0DC409DFCC8EB4,2025-12-31,1478.70,CHECK,RETURNED,ail
AIL0000112,4B523DC2FEE91972,2026-03-01,609.82,CREDIT_CARD,PAID,ail
AIL0000112,E3B93A349D7739B2,2026-01-30,609.82,CHECK,PENDING,ail
AIL0000112,4A4A5612243A7F53,2025-12-31,609.82,CREDIT_CARD,PAID,ail
AIL0000113,84F612DF5F0A74FB,2026-03-01,1770.70,CREDIT_CARD,PAID,ail
AIL0000113,EFAAF79135EB0106,2026-01-30,1770.70,CHECK,PAID,ail
AIL0000113,D4541573B70F9392,2025-12-31,1770.70,CHECK,PAID,ail
AIL0000114,112A0EF57872420E,2026-03-01,94.96,EFT,PAID,ail
AIL0000114,B1ACF1DD3303343C,2026-01-30,94.96,EFT,PENDING,ail
AIL0000114,0FA4C293183F36DB,2025-12-31,94.96,CREDIT_CARD,RETURNED,ail
AIL0000115,8F24DA7EA2E768D7,2026-03-01,143.08,EFT,PAID,ail
AIL0000115,3150E60DED8982C2,2026-01-30,143.08,CHECK,PAID,ail
AIL0000115,6D19312DDE3B5A64,2025-12-31,143.08,CREDIT_CARD,PAID,ail
AIL0000116,41374168EF2ECDC9,2026-03-01,1916.63,CREDIT_CARD,PENDING,ail
AIL0000116,13D579AE33DCD09C,2026-01-30,1916.63,CREDIT_CARD,PAID,ail
AIL0000116,47AD21DD3768B54A,2025-12-31,1916.63,EFT,PAID,ail
AIL0000117,965A693E85B69E95,2026-03-01,601.68,CREDIT_CARD,RETURNED,ail
AIL0000117,DA786FCAC5A06501,2026-01-30,601.68,CREDIT_CARD,PENDING,ail
AIL0000117,BCBD6EEBCEAB2F76,2025-12-31,601.68,CREDIT_CARD,RETURNED,ail
AIL0000118,FD34D21E3B59475E,2026-03-01,1633.86,EFT,PAID,ail
AIL0000118,25807A2C9D6BA3B5,2026-01-30,1633.86,EFT,PAID,ail
AIL0000118,52C6456200102DC0,2025-12-31,1633.86,EFT,PAID,ail
AIL0000119,AA3319BC6CE763E1,2026-03-01,316.49,CHECK,PAID,ail
AIL0000119,1E0724A8C28FD8CB,2026-01-30,316.49,EFT,PENDING,ail
AIL0000119,62B215ADC61F98B1,2025-12-31,316.49,CREDIT_CARD,RETURNED,ail
AIL0000120,87DB016851251262,2026-03-01,1915.08,EFT,PENDING,ail
AIL0000120,2A869922F4927B35,2026-01-30,1915.08,CREDIT_CARD,PAID,ail
AIL0000120,6FEF2C5DD7021EDD,2025-12-31,1915.08,CREDIT_CARD,RETURNED,ail
AIL0000121,1EC80917AF744001,2026-03-01,2794.67,CREDIT_CARD,RETURNED,ail
AIL0000121,0679C4F22D9238A4,2026-01-30,2794.67,CHECK,RETURNED,ail
AIL0000121,BA7E6B515892E71A,2025-12-31,2794.67,CHECK,PAID,ail
AIL0000122,F07CFCA7EBACD8E1,2026-03-01,609.83,EFT,RETURNED,ail
AIL0000122,BF6494B6EEE5B33E,2026-01-30,609.83,EFT,PAID,ail
AIL0000122,31E4385086A81B2B,2025-12-31,609.83,EFT,PENDING,ail
AIL0000123,EA7255845E6E187A,2026-03-01,100.30,CHECK,PENDING,ail
AIL0000123,45E526E19B559178,2026-01-30,100.30,EFT,PAID,ail
AIL0000123,0B3E2B6E65F69897,2025-12-31,100.30,CREDIT_CARD,PAID,ail
AIL0000124,D2C57940927A72DF,2026-03-01,791.16,EFT,RETURNED,ail
AIL0000124,7458D92CA1DA7C7A,2026-01-30,791.16,CHECK,PAID,ail
AIL0000124,A5C5BCE0DFFBDC2D,2025-12-31,791.16,CREDIT_CARD,PAID,ail
AIL0000125,B69B8391E4EE8F51,2026-03-01,125.80,EFT,PAID,ail
AIL0000125,1533FE8221B3B264,2026-01-30,125.80,CHECK,PAID,ail
AIL0000125,B5E9489CA331C4B0,2025-12-31,125.80,EFT,PAID,ail
AIL0000126,DA42698BFBC053A8,2026-03-01,598.06,EFT,PENDING,ail
AIL0000126,D6578ECB5529885A,2026-01-30,598.06,CREDIT_CARD,PAID,ail
AIL0000126,E7DD93A52B519424,2025-12-31,598.06,CREDIT_CARD,PAID,ail
AIL0000127,6A97CBCE673659EF,2026-03-01,1464.57,CREDIT_CARD,PAID,ail
AIL0000127,C2E41A50D33650DB,2026-01-30,1464.57,CREDIT_CARD,PAID,ail
AIL0000127,2C2E8BA0157EF914,2025-12-31,1464.57,CHECK,PAID,ail
AIL0000128,68C4B51A8166356C,2026-03-01,187.11,EFT,PAID,ail
AIL0000128,59C67A528F80D1EF,2026-01-30,187.11,EFT,PAID,ail
AIL0000128,B2403468D60B04A9,2025-12-31,187.11,EFT,PENDING,ail
AIL0000129,172F0D9BEB02C661,2026-03-01,2207.87,EFT,PAID,ail
AIL0000129,A06A7DE49755828F,2026-01-30,2207.87,EFT,PAID,ail
AIL0000129,A350676437AFC63B,2025-12-31,2207.87,CHECK,RETURNED,ail
AIL0000130,4ECAD2663F29D615,2026-03-01,259.72,CREDIT_CARD,PAID,ail
AIL0000130,21FAE8A0BCF4CED1,2026-01-30,259.72,CHECK,PAID,ail
AIL0000130,2D91AC23497DD968,2025-12-31,259.72,CHECK,PAID,ail
AIL0000131,3030D7F4D5D4999B,2026-03-01,317.11,CHECK,PAID,ail
AIL0000131,426507984B80AFA6,2026-01-30,317.11,CREDIT_CARD,RETURNED,ail
AIL0000131,5AEB50557D692580,2025-12-31,317.11,CREDIT_CARD,PAID,ail
AIL0000132,D45A1DE3731DC76F,2026-03-01,406.01,CREDIT_CARD,PAID,ail
AIL0000132,95D12C70D5B07C12,2026-01-30,406.01,CHECK,PAID,ail
AIL0000132,FE66C4FA35EDFF38,2025-12-31,406.01,CREDIT_CARD,RETURNED,ail
AIL0000133,49E785C7CBD8715E,2026-03-01,1942.56,EFT,PAID,ail
AIL0000133,8D36645980F6C26C,2026-01-30,1942.56,CREDIT_CARD,PAID,ail
AIL0000133,35F1E04BC5FE21D6,2025-12-31,1942.56,CHECK,PAID,ail
AIL0000134,845C10EA1D842E8F,2026-03-01,109.95,CREDIT_CARD,PAID,ail
AIL0000134,9639E2B7779D7DB4,2026-01-30,109.95,CHECK,PAID,ail
AIL0000134,96A0C726A886A9FC,2025-12-31,109.95,EFT,PAID,ail
AIL0000135,E6A98352DE8C5A13,2026-03-01,682.19,EFT,PAID,ail
AIL0000135,5630202155AFB783,2026-01-30,682.19,CREDIT_CARD,PAID,ail
AIL0000135,4E6814655BA62F73,2025-12-31,682.19,EFT,RETURNED,ail
AIL0000136,CF2921017062DFF6,2026-03-01,222.76,CREDIT_CARD,RETURNED,ail
AIL0000136,6F5A181AB1CAA64C,2026-01-30,222.76,CREDIT_CARD,RETURNED,ail
AIL0000136,40A8BD6B3E5BD4AF,2025-12-31,222.76,CREDIT_CARD,PAID,ail
AIL0000137,4CD8284766B1F859,2026-03-01,295.75,EFT,PAID,ail
AIL0000137,ED486D9AE69F1F78,2026-01-30,295.75,CREDIT_CARD,PAID,ail
AIL0000137,44F4D74FC6299CA6,2025-12-31,295.75,CREDIT_CARD,RETURNED,ail
AIL0000138,EC1F5D972A983090,2026-03-01,149.03,CHECK,PENDING,ail
AIL0000138,862A76F2F15E609C,2026-01-30,149.03,EFT,PENDING,ail
AIL0000138,A9D500DD21408672,2025-12-31,149.03,CHECK,PAID,ail
AIL0000139,2436C8DEC40CFBDE,2026-03-01,1937.85,CHECK,RETURNED,ail
AIL0000139,003742AE75E913D8,2026-01-30,1937.85,CREDIT_CARD,PAID,ail
AIL0000139,4D20D6CF2C0CAD5C,2025-12-31,1937.85,CHECK,PAID,ail
AIL0000140,17152D766FC1AAEB,2026-03-01,82.42,CREDIT_CARD,PAID,ail
AIL0000140,D87DB9478E2B4D2C,2026-01-30,82.42,CHECK,PAID,ail
AIL0000140,1993EDFE583F097D,2025-12-31,82.42,CHECK,PENDING,ail
AIL0000141,78E90AE9E9AF6D28,2026-03-01,1764.14,CREDIT_CARD,RETURNED,ail
AIL0000141,3E245711B4CB1A42,2026-01-30,1764.14,EFT,RETURNED,ail
AIL0000141,EF6D5B4BC356DEE2,2025-12-31,1764.14,EFT,RETURNED,ail
AIL0000142,ACBC63EDD1DDD3E6,2026-03-01,389.96,CREDIT_CARD,RETURNED,ail
AIL0000142,1258199888BBC5BB,2026-01-30,389.96,CHECK,RETURNED,ail
AIL0000142,96203553F860B58F,2025-12-31,389.96,EFT,PAID,ail
AIL0000143,5E7F78D93C33499F,2026-03-01,3082.36,CHECK,PAID,ail
AIL0000143,9C4E166200684D9C,2026-01-30,3082.36,CREDIT_CARD,RETURNED,ail
AIL0000143,3AE61863A5448D55,2025-12-31,3082.36,EFT,RETURNED,ail
AIL0000144,17C50A7C6F766A77,2026-03-01,903.71,CHECK,RETURNED,ail
AIL0000144,269764976CFB6ACC,2026-01-30,903.71,CHECK,PAID,ail
AIL0000144,7B0C036BD23F144F,2025-12-31,903.71,EFT,PAID,ail
AIL0000145,65F17E3329DDF229,2026-03-01,180.65,CREDIT_CARD,PENDING,ail
AIL0000145,CE65050B77052C84,2026-01-30,180.65,EFT,PAID,ail
AIL0000145,A7E7013919F5AF3C,2025-12-31,180.65,CHECK,PAID,ail
AIL0000146,624D2FF781C8D068,2026-03-01,304.57,CREDIT_CARD,RETURNED,ail
AIL0000146,F5BD62CDA76090E7,2026-01-30,304.57,CREDIT_CARD,RETURNED,ail
AIL0000146,4D8E6D5E0DF473BB,2025-12-31,304.57,CHECK,PAID,ail
AIL0000147,CD6B4AA0CE9FBFEB,2026-03-01,1622.96,CHECK,PENDING,ail
AIL0000147,B6472BA8793A650C,2026-01-30,1622.96,CHECK,PENDING,ail
AIL0000147,C9162EB71C968B9B,2025-12-31,1622.96,EFT,RETURNED,ail
AIL0000148,147B7A33ACBA60E2,2026-03-01,1206.01,EFT,PAID,ail
AIL0000148,B522F610EF263A84,2026-01-30,1206.01,CREDIT_CARD,PAID,ail
AIL0000148,9D5130AED015F623,2025-12-31,1206.01,CREDIT_CARD,RETURNED,ail
AIL0000149,1F1DFED90A333EEF,2026-03-01,424.42,CHECK,RETURNED,ail
AIL0000149,996D9303E3A060F1,2026-01-30,424.42,CREDIT_CARD,PAID,ail
AIL0000149,ACCC8E705663E490,2025-12-31,424.42,CHECK,PAID,ail
AIL0000150,6AC475A55B5CD6C5,2026-03-01,140.23,EFT,RETURNED,ail
AIL0000150,091E11DFA2CFC32D,2026-01-30,140.23,CREDIT_CARD,PAID,ail
AIL0000150,880136FC095F6D43,2025-12-31,140.23,CREDIT_CARD,RETURNED,ail
AIL0000151,20451DBD1835E89B,2026-03-01,375.75,CREDIT_CARD,PAID,ail
AIL0000151,E489149F6E5C9AE7,2026-01-30,375.75,CHECK,PAID,ail
AIL0000151,9E0383D4B061C6FF,2025-12-31,375.75,EFT,PENDING,ail
AIL0000152,5F6F83C5539B4D73,2026-03-01,1165.82,EFT,PAID,ail
AIL0000152,A347CF55B94BA015,2026-01-30,1165.82,EFT,RETURNED,ail
AIL0000152,1429EF31B9B3C0EE,2025-12-31,1165.82,CHECK,PAID,ail
AIL0000153,BF2C1FD1F34AB83D,2026-03-01,1250.51,CHECK,PAID,ail
AIL0000153,F714BAB76EF59D48,2026-01-30,1250.51,EFT,PAID,ail
AIL0000153,4D9E9BB9FEB2F904,2025-12-31,1250.51,CREDIT_CARD,PENDING,ail
AIL0000154,CC884185B1BAD5EB,2026-03-01,3008.14,EFT,PAID,ail
AIL0000154,C2BE7BAC3717F44B,2026-01-30,3008.14,CHECK,PAID,ail
AIL0000154,2F8AEB01C73F41D2,2025-12-31,3008.14,CHECK,PENDING,ail
AIL0000155,2E671517E8E52412,2026-03-01,2546.75,CREDIT_CARD,PAID,ail
AIL0000155,3506E337683D21A9,2026-01-30,2546.75,EFT,RETURNED,ail
AIL0000155,445D9A8746573D38,2025-12-31,2546.75,CHECK,PENDING,ail
AIL0000156,38A8AB5518DEABFE,2026-03-01,769.75,EFT,PAID,ail
AIL0000156,10501D6538973D15,2026-01-30,769.75,CREDIT_CARD,PAID,ail
AIL0000156,D3B4A1D19BFC24BD,2025-12-31,769.75,CHECK,PENDING,ail
AIL0000157,639817E58A9CFC8D,2026-03-01,2212.96,CHECK,PENDING,ail
AIL0000157,51D41C6A57314C46,2026-01-30,2212.96,CHECK,RETURNED,ail
AIL0000157,BE1924AADAB712F6,2025-12-31,2212.96,CHECK,PAID,ail
AIL0000158,417511F463DB0DEA,2026-03-01,2557.64,CHECK,PAID,ail
AIL0000158,F7BCBC1492419671,2026-01-30,2557.64,EFT,RETURNED,ail
AIL0000158,1545847858658721,2025-12-31,2557.64,EFT,PENDING,ail
AIL0000159,7395734B50B9FF30,2026-03-01,217.36,CREDIT_CARD,RETURNED,ail
AIL0000159,95BE6C8A9FF7007B,2026-01-30,217.36,EFT,PENDING,ail
AIL0000159,6A5731F76E78CD59,2025-12-31,217.36,EFT,PAID,ail
AIL0000160,6012A24E3C168418,2026-03-01,156.67,CREDIT_CARD,PAID,ail
AIL0000160,D983DADFF2E5CECF,2026-01-30,156.67,EFT,PAID,ail
AIL0000160,FDFC4A9D3618187C,2025-12-31,156.67,EFT,PENDING,ail
AIL0000161,C70BDB6EC451E562,2026-03-01,206.67,CREDIT_CARD,RETURNED,ail
AIL0000161,C053F2535A1E490D,2026-01-30,206.67,EFT,RETURNED,ail
AIL0000161,51C46D6E4764A956,2025-12-31,206.67,CHECK,PAID,ail
AIL0000162,C30240D5A2145243,2026-03-01,1421.92,CREDIT_CARD,PAID,ail
AIL0000162,646579458852787C,2026-01-30,1421.92,EFT,RETURNED,ail
AIL0000162,4949DED776C31071,2025-12-31,1421.92,CHECK,PAID,ail
AIL0000163,00DAB7F849D5182C,2026-03-01,639.27,CREDIT_CARD,PAID,ail
AIL0000163,2C19EE3DA7FC1BAD,2026-01-30,639.27,CREDIT_CARD,PAID,ail
AIL0000163,6B08984BA731D6F3,2025-12-31,639.27,CHECK,RETURNED,ail
AIL0000164,2379750A3964AFE6,2026-03-01,86.36,CREDIT_CARD,PENDING,ail
AIL0000164,997D4CA9149C0766,2026-01-30,86.36,CREDIT_CARD,RETURNED,ail
AIL0000164,9C1CAC23533487F7,2025-12-31,86.36,EFT,PAID,ail
AIL0000165,F3AC2F5E1749939D,2026-03-01,1371.25,CHECK,PAID,ail
AIL0000165,CA359116E22DDFBB,2026-01-30,1371.25,CREDIT_CARD,RETURNED,ail
AIL0000165,316A8466DD0A4A6E,2025-12-31,1371.25,EFT,RETURNED,ail
AIL0000166,78E00F782CDAA0B2,2026-03-01,85.65,CREDIT_CARD,PAID,ail
AIL0000166,109792A44B00DCFC,2026-01-30,85.65,EFT,PAID,ail
AIL0000166,3EBB65F1758DAAEE,2025-12-31,85.65,CREDIT_CARD,PENDING,ail
AIL0000167,F909C46C2D47DE92,2026-03-01,205.69,CHECK,PENDING,ail
AIL0000167,9AA03078CDBE6DE6,2026-01-30,205.69,CHECK,PAID,ail
AIL0000167,F664B2B9B8D80619,2025-12-31,205.69,EFT,PAID,ail
AIL0000168,DDF7D26368065678,2026-03-01,145.72,CREDIT_CARD,RETURNED,ail
AIL0000168,C8757D0612037B06,2026-01-30,145.72,CHECK,PAID,ail
AIL0000168,1EF8ACA7898F3586,2025-12-31,145.72,CREDIT_CARD,PENDING,ail
AIL0000169,7042EB9E061285A7,2026-03-01,125.89,CHECK,PAID,ail
AIL0000169,D40BF9DC65FD5412,2026-01-30,125.89,CREDIT_CARD,PAID,ail
AIL0000169,ED696CB3B774B61D,2025-12-31,125.89,CREDIT_CARD,RETURNED,ail
AIL0000170,D8D99AD8255F30B9,2026-03-01,2375.29,CHECK,PENDING,ail
AIL0000170,B8D49CF21C9DDBD3,2026-01-30,2375.29,EFT,PAID,ail
AIL0000170,2456D76756FF66FD,2025-12-31,2375.29,EFT,RETURNED,ail
AIL0000171,B197603CA45C7178,2026-03-01,194.70,EFT,RETURNED,ail
AIL0000171,C0A400887DD7FC59,2026-01-30,194.70,EFT,PAID,ail
AIL0000171,71D60744B06F0681,2025-12-31,194.70,CHECK,RETURNED,ail
AIL0000172,09268F85982C7129,2026-03-01,325.49,EFT,PAID,ail
AIL0000172,3894DE0606A4093B,2026-01-30,325.49,CHECK,PENDING,ail
AIL0000172,4E8172DA4A8D4853,2025-12-31,325.49,CREDIT_CARD,PAID,ail
AIL0000173,709AD1ABB68C55B2,2026-03-01,1505.96,CREDIT_CARD,PAID,ail
AIL0000173,B1F0ED9BCE217FB3,2026-01-30,1505.96,EFT,PAID,ail
AIL0000173,625CADE5DBF11941,2025-12-31,1505.96,CHECK,PAID,ail
AIL0000174,25FB24214D8E8FDB,2026-03-01,1072.53,CREDIT_CARD,PAID,ail
AIL0000174,82330E6EB89C96E9,2026-01-30,1072.53,CREDIT_CARD,PENDING,ail
AIL0000174,E666A9B49E5364DC,2025-12-31,1072.53,EFT,PAID,ail
AIL0000175,5075B7D18047C7E1,2026-03-01,150.24,CREDIT_CARD,PAID,ail
AIL0000175,7C39115FED13BAC8,2026-01-30,150.24,CREDIT_CARD,PAID,ail
AIL0000175,2CE62F9F7B67CABA,2025-12-31,150.24,CHECK,RETURNED,ail
AIL0000176,398E249757A55D1A,2026-03-01,97.19,CHECK,PAID,ail
AIL0000176,9BCFE969473FB005,2026-01-30,97.19,CREDIT_CARD,PAID,ail
AIL0000176,7FB0B7B65B43AE1A,2025-12-31,97.19,CHECK,PENDING,ail
AIL0000177,BF0AABDFD708BDC7,2026-03-01,306.75,CREDIT_CARD,PAID,ail
AIL0000177,AA0BE6875D124A22,2026-01-30,306.75,EFT,RETURNED,ail
AIL0000177,545B19BAF3B81FE4,2025-12-31,306.75,CREDIT_CARD,PAID,ail
AIL0000178,BDC313B8D8BB254C,2026-03-01,1977.21,CREDIT_CARD,PAID,ail
AIL0000178,725687C20E545D51,2026-01-30,1977.21,CREDIT_CARD,PENDING,ail
AIL0000178,CC19E0AC418DF073,2025-12-31,1977.21,CREDIT_CARD,PAID,ail
AIL0000179,3A747C443EBE066C,2026-03-01,565.50,CREDIT_CARD,RETURNED,ail
AIL0000179,9BF072E7FAB87BB6,2026-01-30,565.50,CHECK,PENDING,ail
AIL0000179,30A4C4B0BE3C7C84,2025-12-31,565.50,CREDIT_CARD,PAID,ail
AIL0000180,0F94DB384D81BC5E,2026-03-01,2167.43,EFT,PAID,ail
AIL0000180,94CE23B7C2FD7E2D,2026-01-30,2167.43,CHECK,RETURNED,ail
AIL0000180,C80AA7CFE1B33498,2025-12-31,2167.43,EFT,PAID,ail
AIL0000181,1DCCCF247A71CE7B,2026-03-01,3129.58,CHECK,PAID,ail
AIL0000181,8AD8AF05199177B9,2026-01-30,3129.58,CREDIT_CARD,PAID,ail
AIL0000181,91BF903D4CCA3DDA,2025-12-31,3129.58,EFT,PENDING,ail
AIL0000182,E2F2CF57B850B440,2026-03-01,414.19,CHECK,PAID,ail
AIL0000182,9D4A305FA28AF08D,2026-01-30,414.19,CHECK,PAID,ail
AIL0000182,99F2587C683C3806,2025-12-31,414.19,CHECK,RETURNED,ail
AIL0000183,83A2A06F7BB8373C,2026-03-01,1598.09,CHECK,PAID,ail
AIL0000183,3FBFE7EB883D9B03,2026-01-30,1598.09,CHECK,PAID,ail
AIL0000183,4F0DC7BC80C8B083,2025-12-31,1598.09,CREDIT_CARD,RETURNED,ail
AIL0000184,7CD212632EA35DF6,2026-03-01,68.39,EFT,PAID,ail
AIL0000184,78731A4E8271BBBA,2026-01-30,68.39,CHECK,PAID,ail
AIL0000184,6E988798C2AC0D6D,2025-12-31,68.39,CREDIT_CARD,PAID,ail
AIL0000185,A34C4C7857A99AE7,2026-03-01,1396.68,CREDIT_CARD,PENDING,ail
AIL0000185,C75EE63D318F7980,2026-01-30,1396.68,EFT,PAID,ail
AIL0000185,4E2DA2578074A1ED,2025-12-31,1396.68,CHECK,PENDING,ail
AIL0000186,9C09F0FEED7403C6,2026-03-01,241.50,EFT,PENDING,ail
AIL0000186,280906A952E24A8E,2026-01-30,241.50,EFT,RETURNED,ail
AIL0000186,286EF693DA341653,2025-12-31,241.50,CREDIT_CARD,PAID,ail
AIL0000187,A74B2973794954DB,2026-03-01,973.03,CREDIT_CARD,RETURNED,ail
AIL0000187,3A8DA12744F64BEF,2026-01-30,973.03,CHECK,RETURNED,ail
AIL0000187,4DB9EACBD59DCBFA,2025-12-31,973.03,CHECK,PAID,ail
AIL0000188,BEC6573BD4488069,2026-03-01,1909.73,CHECK,RETURNED,ail
AIL0000188,64BF2E8C903389B4,2026-01-30,1909.73,CHECK,PAID,ail
AIL0000188,0E28A0886771DC17,2025-12-31,1909.73,CHECK,PAID,ail
AIL0000189,C45D4C0374F6B97E,2026-03-01,166.79,CHECK,PAID,ail
AIL0000189,356766EC33C43CD1,2026-01-30,166.79,CREDIT_CARD,PAID,ail
AIL0000189,060FD3B65F9C11F0,2025-12-31,166.79,CHECK,RETURNED,ail
AIL0000190,BD3037398F5A5787,2026-03-01,383.49,EFT,PAID,ail
AIL0000190,DB3D419B70AA9992,2026-01-30,383.49,CHECK,PAID,ail
AIL0000190,5352DB342911268F,2025-12-31,383.49,CREDIT_CARD,RETURNED,ail
AIL0000191,F89C2EF6F3B93EBE,2026-03-01,1815.25,EFT,RETURNED,ail
AIL0000191,B4DC70C6E8ACD757,2026-01-30,1815.25,CHECK,PAID,ail
AIL0000191,960B97469B510232,2025-12-31,1815.25,CHECK,PAID,ail
AIL0000192,89B3889D46AAF714,2026-03-01,66.06,CHECK,RETURNED,ail
AIL0000192,78CA903B1C6C8382,2026-01-30,66.06,EFT,PAID,ail
AIL0000192,BB81C774C67651B3,2025-12-31,66.06,CHECK,PAID,ail
AIL0000193,3332D3AB92F77072,2026-03-01,4313.60,CREDIT_CARD,PAID,ail
AIL0000193,929EA40553ED75F6,2026-01-30,4313.60,CREDIT_CARD,PAID,ail
AIL0000193,4A9A75F0D13B3A4D,2025-12-31,4313.60,CREDIT_CARD,PAID,ail
AIL0000194,C930C9F3DEE7DAD7,2026-03-01,71.76,CREDIT_CARD,PAID,ail
AIL0000194,E7B4DCD35C798B20,2026-01-30,71.76,CHECK,PAID,ail
AIL0000194,3A4962D177E43D33,2025-12-31,71.76,CHECK,PAID,ail
AIL0000195,424F8429B43D4BF9,2026-03-01,362.60,CHECK,PENDING,ail
AIL0000195,23E8BB0505EC647E,2026-01-30,362.60,EFT,RETURNED,ail
AIL0000195,7C81ED5ACE5A4372,2025-12-31,362.60,EFT,PENDING,ail
AIL0000196,0425C4305F9C041D,2026-03-01,1059.56,CREDIT_CARD,RETURNED,ail
AIL0000196,81140235F5B4AEE1,2026-01-30,1059.56,CHECK,PENDING,ail
AIL0000196,5570CEFC93271B56,2025-12-31,1059.56,CREDIT_CARD,PAID,ail
AIL0000197,8EEC22A4F966F9C2,2026-03-01,134.12,EFT,PENDING,ail
AIL0000197,D8A712CB8374C273,2026-01-30,134.12,EFT,PENDING,ail
AIL0000197,A671CD819C2B05EB,2025-12-31,134.12,EFT,PAID,ail
AIL0000198,77391BEE46E09E7D,2026-03-01,178.46,CHECK,PAID,ail
AIL0000198,2E822CE612B1D17E,2026-01-30,178.46,CREDIT_CARD,PENDING,ail
AIL0000198,C7F7040B87184322,2025-12-31,178.46,CREDIT_CARD,RETURNED,ail
AIL0000199,01A069A24B37617D,2026-03-01,212.37,CREDIT_CARD,RETURNED,ail
AIL0000199,5287C72E39A8AB5E,2026-01-30,212.37,CHECK,PAID,ail
AIL0000199,9599B267390F516D,2025-12-31,212.37,CREDIT_CARD,PAID,ail
AIL0000200,C519FD783348EDA0,2026-03-01,2571.64,CREDIT_CARD,PAID,ail
AIL0000200,DE03A536B703FA9F,2026-01-30,2571.64,CREDIT_CARD,PAID,ail
AIL0000200,34C5DD5B25F5ED6F,2025-12-31,2571.64,CHECK,PAID,ail
AIL0000201,D83E262AF1CA680C,2026-03-01,1335.78,EFT,PAID,ail
AIL0000201,11BB797AF464A31F,2026-01-30,1335.78,CHECK,PAID,ail
AIL0000201,35746477A87DA2AF,2025-12-31,1335.78,EFT,PAID,ail
AIL0000202,EFB181493BA4807E,2026-03-01,872.73,EFT,PAID,ail
AIL0000202,E61CF9A3E0ACDB75,2026-01-30,872.73,CHECK,PAID,ail
AIL0000202,06822E13600777BE,2025-12-31,872.73,CHECK,PAID,ail
AIL0000203,32D9EC3E66308AF8,2026-03-01,1997.13,EFT,RETURNED,ail
AIL0000203,17C522E01FE9048D,2026-01-30,1997.13,EFT,PENDING,ail
AIL0000203,84391819B97A08BA,2025-12-31,1997.13,EFT,PAID,ail
AIL0000204,BD9AB6D97D3635B9,2026-03-01,163.54,CREDIT_CARD,PAID,ail
AIL0000204,6A45D1E9511F0533,2026-01-30,163.54,EFT,PAID,ail
AIL0000204,81C4DDA8CCBF1DFE,2025-12-31,163.54,CHECK,RETURNED,ail
AIL0000205,04221BF274FAEBDD,2026-03-01,368.03,EFT,RETURNED,ail
AIL0000205,F6295EB4667A9B91,2026-01-30,368.03,EFT,PAID,ail
AIL0000205,D627224E4F5AF64E,2025-12-31,368.03,EFT,RETURNED,ail
AIL0000206,FFECC4EB3AB742A1,2026-03-01,854.62,CREDIT_CARD,PAID,ail
AIL0000206,63C279AACF674365,2026-01-30,854.62,CHECK,PAID,ail
AIL0000206,BAC8F92F4653CBD3,2025-12-31,854.62,CREDIT_CARD,PAID,ail
AIL0000207,908844002D675BE3,2026-03-01,496.65,EFT,PAID,ail
AIL0000207,B1F01F0423E57B50,2026-01-30,496.65,CHECK,PAID,ail
AIL0000207,35B7215ECD68CB39,2025-12-31,496.65,CREDIT_CARD,PAID,ail
AIL0000208,6B5341C02850C932,2026-03-01,229.54,EFT,PAID,ail
AIL0000208,26C0DF52F71DE9C5,2026-01-30,229.54,CREDIT_CARD,PAID,ail
AIL0000208,1C01160CECC9D15A,2025-12-31,229.54,EFT,PAID,ail
AIL0000209,5F88FE99A0147AB9,2026-03-01,273.16,CHECK,PENDING,ail
AIL0000209,069CCC0AC8844F88,2026-01-30,273.16,CHECK,PAID,ail
AIL0000209,BC25BCE108C2D2CE,2025-12-31,273.16,EFT,RETURNED,ail
AIL0000210,B8F73FAD9937C931,2026-03-01,251.72,CREDIT_CARD,PAID,ail
AIL0000210,5942339503D301CF,2026-01-30,251.72,EFT,PAID,ail
AIL0000210,1CC6F0A010FAB909,2025-12-31,251.72,CHECK,RETURNED,ail
AIL0000211,70BF17838966F42B,2026-03-01,4036.60,EFT,PENDING,ail
AIL0000211,4FB9EF37002F4AEE,2026-01-30,4036.60,CHECK,RETURNED,ail
AIL0000211,20D19FC041C1AEE2,2025-12-31,4036.60,CHECK,PENDING,ail
AIL0000212,18AD8EEBB7607067,2026-03-01,108.90,CHECK,RETURNED,ail
AIL0000212,923CC117DA1A9B09,2026-01-30,108.90,EFT,PAID,ail
AIL0000212,CE31CE5C213B1241,2025-12-31,108.90,EFT,PAID,ail
AIL0000213,6761F64EB79EE140,2026-03-01,162.27,CHECK,PENDING,ail
AIL0000213,402BF49539E9C6EF,2026-01-30,162.27,EFT,PAID,ail
AIL0000213,764F6842F9553AAD,2025-12-31,162.27,CREDIT_CARD,PENDING,ail
AIL0000214,44482593E2327C25,2026-03-01,219.00,EFT,PAID,ail
AIL0000214,252D3404A94485E0,2026-01-30,219.00,CREDIT_CARD,PAID,ail
AIL0000214,629153BFCCBDD15E,2025-12-31,219.00,CREDIT_CARD,PAID,ail
AIL0000215,2498A9F203AA96D2,2026-03-01,1555.82,CREDIT_CARD,PAID,ail
AIL0000215,29714F1F3CE26218,2026-01-30,1555.82,CHECK,PAID,ail
AIL0000215,7BDD41B37B142917,2025-12-31,1555.82,CHECK,PAID,ail
AIL0000216,67D920B393C379FD,2026-03-01,1497.22,CHECK,PAID,ail
AIL0000216,8BBEC11943472A28,2026-01-30,1497.22,CHECK,PAID,ail
AIL0000216,C4BD23EBA7CC4274,2025-12-31,1497.22,CREDIT_CARD,PAID,ail
AIL0000217,574AA942415A51FF,2026-03-01,457.33,CHECK,PENDING,ail
AIL0000217,AB02E10418B47298,2026-01-30,457.33,CHECK,PENDING,ail
AIL0000217,5D8C4FEAC82E27A3,2025-12-31,457.33,CHECK,PAID,ail
AIL0000218,F99F5C063A24DE17,2026-03-01,3327.45,CHECK,PAID,ail
AIL0000218,4BB3E035B67333E0,2026-01-30,3327.45,EFT,PAID,ail
AIL0000218,8DA4F9166FA87369,2025-12-31,3327.45,EFT,PENDING,ail
AIL0000219,FFA0A1AFE2B845B7,2026-03-01,283.74,CREDIT_CARD,PAID,ail
AIL0000219,38CBA05EAE3A1F32,2026-01-30,283.74,EFT,PAID,ail
AIL0000219,868C10055A9B9519,2025-12-31,283.74,CREDIT_CARD,PAID,ail
AIL0000220,CCDDD6B30C07E0E3,2026-03-01,1226.19,CREDIT_CARD,PAID,ail
AIL0000220,F2794E8BB195FA9F,2026-01-30,1226.19,CREDIT_CARD,PAID,ail
AIL0000220,AE2E7DD219A2A602,2025-12-31,1226.19,EFT,PENDING,ail
AIL0000221,26ECD1DCB75168F6,2026-03-01,174.07,CREDIT_CARD,PENDING,ail
AIL0000221,47469FB733C32015,2026-01-30,174.07,EFT,RETURNED,ail
AIL0000221,85915047E6A517D0,2025-12-31,174.07,CHECK,RETURNED,ail
AIL0000222,4CCC5AFEF02A2956,2026-03-01,234.48,EFT,PAID,ail
AIL0000222,AB09EC628E461D8B,2026-01-30,234.48,CHECK,PAID,ail
AIL0000222,980F65609CF540D9,2025-12-31,234.48,EFT,PAID,ail
AIL0000223,D28B829A7B1E5E13,2026-03-01,1745.73,EFT,PAID,ail
AIL0000223,A565CD4128D141DB,2026-01-30,1745.73,CHECK,RETURNED,ail
AIL0000223,D59696583FA27FFD,2025-12-31,1745.73,CHECK,PAID,ail
AIL0000224,E483F4F123F3E5C5,2026-03-01,936.52,CHECK,PAID,ail
AIL0000224,F1C056BA95FF7D9D,2026-01-30,936.52,CREDIT_CARD,PAID,ail
AIL0000224,AC17CB472474E10F,2025-12-31,936.52,CHECK,PAID,ail
AIL0000225,8634A7CD4FA83870,2026-03-01,1035.04,EFT,PENDING,ail
AIL0000225,703297D2A911610C,2026-01-30,1035.04,CHECK,PAID,ail
AIL0000225,74516C969C2B4CA9,2025-12-31,1035.04,EFT,PAID,ail
AIL0000226,57647ECFB8525DE3,2026-03-01,3777.31,CHECK,PAID,ail
AIL0000226,416553A1E4203A34,2026-01-30,3777.31,EFT,RETURNED,ail
AIL0000226,E0516AAA2B1FEECD,2025-12-31,3777.31,CREDIT_CARD,RETURNED,ail
AIL0000227,16ACB78E1A617EFE,2026-03-01,567.65,CREDIT_CARD,PENDING,ail
AIL0000227,5CD0094CDD763717,2026-01-30,567.65,EFT,RETURNED,ail
AIL0000227,6EB6D54BF6972FBB,2025-12-31,567.65,CHECK,PAID,ail
AIL0000228,D7A29C6C47BB6BB0,2026-03-01,691.41,CREDIT_CARD,PAID,ail
AIL0000228,8200B972A3E86F41,2026-01-30,691.41,CHECK,RETURNED,ail
AIL0000228,FBAB907A4051DBDA,2025-12-31,691.41,CHECK,PAID,ail
AIL0000229,3E247C2B7C4CEC7D,2026-03-01,1141.35,CREDIT_CARD,RETURNED,ail
AIL0000229,AA66A0ED6F0B5B2B,2026-01-30,1141.35,CHECK,PAID,ail
AIL0000229,B5622984D385D453,2025-12-31,1141.35,CHECK,PENDING,ail
AIL0000230,84DB01DD9B4BF636,2026-03-01,3034.73,CREDIT_CARD,RETURNED,ail
AIL0000230,9720B88F1B98A0E3,2026-01-30,3034.73,CREDIT_CARD,PAID,ail
AIL0000230,F77B97421E12BBED,2025-12-31,3034.73,EFT,PAID,ail
AIL0000231,6BFD01BC9A9303EA,2026-03-01,115.98,CHECK,PAID,ail
AIL0000231,70B3E6DFC9C34DD8,2026-01-30,115.98,CHECK,PENDING,ail
AIL0000231,F0B0C031098AEF72,2025-12-31,115.98,CHECK,RETURNED,ail
AIL0000232,2E44D34991225311,2026-03-01,303.26,EFT,PAID,ail
AIL0000232,69824369EBB10253,2026-01-30,303.26,EFT,RETURNED,ail
AIL0000232,5BCC7BFB40E64EED,2025-12-31,303.26,CREDIT_CARD,PAID,ail
AIL0000233,722D839746D162D6,2026-03-01,94.64,EFT,PAID,ail
AIL0000233,A282BBABFDB09520,2026-01-30,94.64,CHECK,PAID,ail
AIL0000233,DD0D3739C553BB6D,2025-12-31,94.64,CREDIT_CARD,PAID,ail
AIL0000234,D0C29B24C7ED8888,2026-03-01,172.52,EFT,RETURNED,ail
AIL0000234,5A0FDF6155718266,2026-01-30,172.52,CREDIT_CARD,PENDING,ail
AIL0000234,F74575CDD6138A1E,2025-12-31,172.52,EFT,PAID,ail
AIL0000235,17269541B8D11A8F,2026-03-01,3383.38,CREDIT_CARD,RETURNED,ail
AIL0000235,A3B4A2407F480536,2026-01-30,3383.38,EFT,RETURNED,ail
AIL0000235,B517E8EFDB213E31,2025-12-31,3383.38,CHECK,PAID,ail
AIL0000236,C138A98B5C88DA6E,2026-03-01,963.51,EFT,PAID,ail
AIL0000236,30960FBB1C89FE3C,2026-01-30,963.51,CREDIT_CARD,PAID,ail
AIL0000236,A46E47A2B3422968,2025-12-31,963.51,CREDIT_CARD,PAID,ail
AIL0000237,9E541D3E65E17146,2026-03-01,288.54,CREDIT_CARD,PAID,ail
AIL0000237,B62FB6EE172DC647,2026-01-30,288.54,CREDIT_CARD,RETURNED,ail
AIL0000237,B74471582550E249,2025-12-31,288.54,CHECK,PENDING,ail
AIL0000238,1A873C25629F1962,2026-03-01,195.07,CREDIT_CARD,PAID,ail
AIL0000238,150BD1D8F882C326,2026-01-30,195.07,CHECK,PAID,ail
AIL0000238,3EF389BA0A7016C8,2025-12-31,195.07,CREDIT_CARD,PAID,ail
AIL0000239,3976C6377E9716AD,2026-03-01,1517.93,CREDIT_CARD,PAID,ail
AIL0000239,70BB2A0E39D02B29,2026-01-30,1517.93,CREDIT_CARD,PAID,ail
AIL0000239,3E61D3594BFAA29E,2025-12-31,1517.93,EFT,PENDING,ail
AIL0000240,8D1D282E8E6B2439,2026-03-01,460.96,CREDIT_CARD,PAID,ail
AIL0000240,84C11826D910498C,2026-01-30,460.96,CREDIT_CARD,RETURNED,ail
AIL0000240,E6FFEE2AE37B8F84,2025-12-31,460.96,CHECK,PAID,ail
AIL0000241,CD3DDEE3CDAD54F4,2026-03-01,3232.78,CHECK,RETURNED,ail
AIL0000241,ECEDF328E669DD22,2026-01-30,3232.78,EFT,PAID,ail
AIL0000241,F545752A13B8EC30,2025-12-31,3232.78,CREDIT_CARD,PAID,ail
AIL0000242,3F3488A3B3D2C4A9,2026-03-01,85.79,CREDIT_CARD,PENDING,ail
AIL0000242,EADFEEF6FB2389D3,2026-01-30,85.79,CREDIT_CARD,RETURNED,ail
AIL0000242,CEA82B7A1AD4AC13,2025-12-31,85.79,CREDIT_CARD,PAID,ail
AIL0000243,F9FB722DA51C7D2A,2026-03-01,1531.51,CREDIT_CARD,PAID,ail
AIL0000243,D62C4BE49302A5DC,2026-01-30,1531.51,EFT,RETURNED,ail
AIL0000243,974FE6687F441ADD,2025-12-31,1531.51,CHECK,PAID,ail
AIL0000244,72CED11F8F59748B,2026-03-01,3345.20,CREDIT_CARD,PAID,ail
AIL0000244,DE19893E7A0430C4,2026-01-30,3345.20,CREDIT_CARD,PAID,ail
AIL0000244,10BEE3E85ABAC34B,2025-12-31,3345.20,CREDIT_CARD,PAID,ail
AIL0000245,070F48C2BA4E832F,2026-03-01,2225.51,CREDIT_CARD,PENDING,ail
AIL0000245,C3AD6FFDB4479E70,2026-01-30,2225.51,EFT,RETURNED,ail
AIL0000245,4F50B59873BD980F,2025-12-31,2225.51,CREDIT_CARD,PAID,ail
AIL0000246,82095583E03F7C17,2026-03-01,1995.93,CHECK,PAID,ail
AIL0000246,AE6B19DEFAECFB4C,2026-01-30,1995.93,CREDIT_CARD,PAID,ail
AIL0000246,9C0E6192F88C2664,2025-12-31,1995.93,EFT,PAID,ail
AIL0000247,9D254DC4122DEF06,2026-03-01,230.12,EFT,PENDING,ail
AIL0000247,BB88CFE72944E059,2026-01-30,230.12,EFT,PAID,ail
AIL0000247,C24217C5C61371C1,2025-12-31,230.12,EFT,PAID,ail
AIL0000248,1E978EF7BA89EDA3,2026-03-01,110.48,CHECK,PAID,ail
AIL0000248,92F1DA69674F6635,2026-01-30,110.48,CREDIT_CARD,RETURNED,ail
AIL0000248,B24841DD619C4496,2025-12-31,110.48,CHECK,PAID,ail
AIL0000249,5AEB90F64FAA8036,2026-03-01,3557.11,EFT,RETURNED,ail
AIL0000249,173A603D7FEB25E2,2026-01-30,3557.11,EFT,PAID,ail
AIL0000249,59E849B63A0517B2,2025-12-31,3557.11,CREDIT_CARD,PAID,ail
AIL0000250,41FD1281861C2A6F,2026-03-01,410.62,EFT,PENDING,ail
AIL0000250,0F2434918E9FF74A,2026-01-30,410.62,CREDIT_CARD,PAID,ail
AIL0000250,F6AE793600714E0F,2025-12-31,410.62,CREDIT_CARD,PAID,ail
AIL0000251,CCCF4D3707144DA9,2026-03-01,93.19,CREDIT_CARD,PENDING,ail
AIL0000251,F4A985B011C37E19,2026-01-30,93.19,EFT,PAID,ail
AIL0000251,2E8992CC7F8A1FCA,2025-12-31,93.19,CREDIT_CARD,PAID,ail
AIL0000252,E9A11CC0AEE4F488,2026-03-01,191.58,EFT,PENDING,ail
AIL0000252,E43533352D4B2C13,2026-01-30,191.58,CHECK,PAID,ail
AIL0000252,D1A9AF91D079FE4E,2025-12-31,191.58,CHECK,PAID,ail
AIL0000253,F5418B22E36345FC,2026-03-01,3083.09,EFT,PAID,ail
AIL0000253,595B9ABC1B972332,2026-01-30,3083.09,CREDIT_CARD,PAID,ail
AIL0000253,E675835A2AD9C360,2025-12-31,3083.09,EFT,RETURNED,ail
AIL0000254,EB85105D9CFA2010,2026-03-01,177.76,CHECK,RETURNED,ail
AIL0000254,D4EEE3138C487218,2026-01-30,177.76,CHECK,RETURNED,ail
AIL0000254,8DF1363AAB304184,2025-12-31,177.76,EFT,PAID,ail
AIL0000255,D14D4890F5DBED2C,2026-03-01,161.60,CHECK,PAID,ail
AIL0000255,5BBAF3AC0AA5AAF2,2026-01-30,161.60,EFT,RETURNED,ail
AIL0000255,A8DF7AA5E8E00199,2025-12-31,161.60,CREDIT_CARD,PENDING,ail
AIL0000256,A7A13E62A9DBF628,2026-03-01,55.37,CHECK,PENDING,ail
AIL0000256,882C4812B3C3C428,2026-01-30,55.37,CREDIT_CARD,RETURNED,ail
AIL0000256,33704903A4A8A844,2025-12-31,55.37,CHECK,PAID,ail
AIL0000257,F1BA308E4AFF5EEE,2026-03-01,151.97,CREDIT_CARD,RETURNED,ail
AIL0000257,1517703E608775A5,2026-01-30,151.97,CHECK,PAID,ail
AIL0000257,8FAE46A9524EC63C,2025-12-31,151.97,CHECK,PENDING,ail
AIL0000258,C54F447EC94EE2F0,2026-03-01,239.30,CHECK,PAID,ail
AIL0000258,3025F0410AA86E33,2026-01-30,239.30,EFT,PAID,ail
AIL0000258,E67882AEBF733026,2025-12-31,239.30,CREDIT_CARD,PENDING,ail
AIL0000259,88C75E8A0C46D8BE,2026-03-01,722.09,EFT,PAID,ail
AIL0000259,30306E866288E5DA,2026-01-30,722.09,CHECK,PENDING,ail
AIL0000259,AF25762CD34D09AE,2025-12-31,722.09,CHECK,PENDING,ail
AIL0000260,AE5EC1FC5EEE5114,2026-03-01,554.45,CREDIT_CARD,PAID,ail
AIL0000260,750D456E19412CAE,2026-01-30,554.45,EFT,PAID,ail
AIL0000260,B6CAF84012ADBC1B,2025-12-31,554.45,EFT,RETURNED,ail
AIL0000261,0B94729C03FDE24E,2026-03-01,88.49,CHECK,PAID,ail
AIL0000261,EC9FBA0A1DC7DEAB,2026-01-30,88.49,CHECK,PAID,ail
AIL0000261,D04A902AA8DB2A2C,2025-12-31,88.49,CHECK,PAID,ail
AIL0000262,EAE6C3DA5F2D38B8,2026-03-01,470.30,CHECK,PAID,ail
AIL0000262,3F05344C9947C98A,2026-01-30,470.30,CREDIT_CARD,PAID,ail
AIL0000262,AE2E69E26C3F4800,2025-12-31,470.30,CREDIT_CARD,PAID,ail
AIL0000263,E9EA9D49BC94046E,2026-03-01,301.97,CHECK,RETURNED,ail
AIL0000263,D2D47EC76A77982B,2026-01-30,301.97,CHECK,RETURNED,ail
AIL0000263,3082D7E6E6ACE778,2025-12-31,301.97,CHECK,PAID,ail
AIL0000264,0AB35CB1653D6C17,2026-03-01,114.59,CREDIT_CARD,RETURNED,ail
AIL0000264,3914DCE2B08307E1,2026-01-30,114.59,EFT,PAID,ail
AIL0000264,CA8B6E4CE6F7B3D4,2025-12-31,114.59,CHECK,PAID,ail
AIL0000265,BD76BB2FF1896BAD,2026-03-01,151.37,CHECK,RETURNED,ail
AIL0000265,48E26A534954105B,2026-01-30,151.37,CREDIT_CARD,PAID,ail
AIL0000265,651893471E910B71,2025-12-31,151.37,EFT,PAID,ail
AIL0000266,84AA6E12208A9C4F,2026-03-01,460.16,EFT,RETURNED,ail
AIL0000266,3A887BED1C852510,2026-01-30,460.16,EFT,RETURNED,ail
AIL0000266,B190DEA4C335E9E5,2025-12-31,460.16,EFT,PAID,ail
AIL0000267,248BD5AABD0443F0,2026-03-01,384.47,CHECK,PENDING,ail
AIL0000267,EF016E79A9B24A99,2026-01-30,384.47,CREDIT_CARD,PAID,ail
AIL0000267,51634A91B993B65F,2025-12-31,384.47,EFT,PENDING,ail
AIL0000268,F34E5BA1DC07605E,2026-03-01,101.31,CHECK,PAID,ail
AIL0000268,E6CCD201335DC080,2026-01-30,101.31,CREDIT_CARD,PAID,ail
AIL0000268,F262E1452731660C,2025-12-31,101.31,CHECK,PENDING,ail
AIL0000269,55FCCC1431C034F0,2026-03-01,50.80,CREDIT_CARD,RETURNED,ail
AIL0000269,11C3138B70C69B42,2026-01-30,50.80,EFT,PENDING,ail
AIL0000269,293DB7FA8E8DED45,2025-12-31,50.80,EFT,PENDING,ail
AIL0000270,10AC72BDAF4C9DFC,2026-03-01,232.63,CHECK,PENDING,ail
AIL0000270,B87189E19E5BAABF,2026-01-30,232.63,EFT,PAID,ail
AIL0000270,E6C9FD5424BB8796,2025-12-31,232.63,EFT,PAID,ail
AIL0000271,D04F0A710EF473A2,2026-03-01,425.26,CHECK,PENDING,ail
AIL0000271,C31DFB91397A0433,2026-01-30,425.26,CREDIT_CARD,PAID,ail
AIL0000271,05112D7F12ECAF24,2025-12-31,425.26,CREDIT_CARD,RETURNED,ail
AIL0000272,AF8422CC484FDA28,2026-03-01,2114.28,CREDIT_CARD,RETURNED,ail
AIL0000272,3CD7E0EABF817A17,2026-01-30,2114.28,CREDIT_CARD,RETURNED,ail
AIL0000272,FAE9DF3F585B8128,2025-12-31,2114.28,CREDIT_CARD,RETURNED,ail
AIL0000273,895517EC7447F8A1,2026-03-01,201.66,CHECK,PAID,ail
AIL0000273,BB2168C4A3188A65,2026-01-30,201.66,EFT,RETURNED,ail
AIL0000273,290A8303E1C6A7C2,2025-12-31,201.66,CHECK,PAID,ail
AIL0000274,75BE1BA70AE4E096,2026-03-01,241.28,CHECK,PENDING,ail
AIL0000274,66F89B87FCCC1A7D,2026-01-30,241.28,EFT,PAID,ail
AIL0000274,6BCFDFA467E2020E,2025-12-31,241.28,CHECK,RETURNED,ail
AIL0000275,76A90F786370FDA9,2026-03-01,185.40,CHECK,PAID,ail
AIL0000275,2213CDAD661D3354,2026-01-30,185.40,CREDIT_CARD,PENDING,ail
AIL0000275,B66C4A03378AA526,2025-12-31,185.40,EFT,PENDING,ail
AIL0000276,C8BC7784A8C99656,2026-03-01,353.64,CREDIT_CARD,PAID,ail
AIL0000276,DCC8C8018C573243,2026-01-30,353.64,CHECK,PAID,ail
AIL0000276,64907A6336A8D53D,2025-12-31,353.64,EFT,RETURNED,ail
AIL0000277,E798D9BF4CE1CA16,2026-03-01,1211.88,CREDIT_CARD,RETURNED,ail
AIL0000277,567267353798FC80,2026-01-30,1211.88,CREDIT_CARD,PAID,ail
AIL0000277,847AEFA5EFE739DD,2025-12-31,1211.88,CHECK,PAID,ail
AIL0000278,62CEF95934DA1F50,2026-03-01,675.68,CREDIT_CARD,PAID,ail
AIL0000278,AE3DC742BEF8004B,2026-01-30,675.68,CREDIT_CARD,PAID,ail
AIL0000278,C827E7C09337BB34,2025-12-31,675.68,EFT,PAID,ail
AIL0000279,BD0C1656DE373877,2026-03-01,222.93,EFT,RETURNED,ail
AIL0000279,C36DB2ECEEDA69BC,2026-01-30,222.93,CREDIT_CARD,PENDING,ail
AIL0000279,09098704E03C119A,2025-12-31,222.93,CREDIT_CARD,PAID,ail
AIL0000280,EB9060CB02381C49,2026-03-01,200.77,EFT,PAID,ail
AIL0000280,EE7AE3BB50340715,2026-01-30,200.77,CHECK,PAID,ail
AIL0000280,3687F1E1F53CA48B,2025-12-31,200.77,CHECK,PAID,ail
AIL0000281,E78E4DF0955CE1D2,2026-03-01,425.51,CHECK,RETURNED,ail
AIL0000281,4A2C78302CDB1625,2026-01-30,425.51,CHECK,PAID,ail
AIL0000281,E69BF25C28E9772B,2025-12-31,425.51,EFT,PAID,ail
AIL0000282,68E0C8009E482E45,2026-03-01,90.57,EFT,PENDING,ail
AIL0000282,B32A322878359656,2026-01-30,90.57,CHECK,PAID,ail
AIL0000282,F205DA82A9F3531B,2025-12-31,90.57,EFT,RETURNED,ail
AIL0000283,6185E21BE156DF17,2026-03-01,647.31,CHECK,RETURNED,ail
AIL0000283,051BB698C463299A,2026-01-30,647.31,CREDIT_CARD,PAID,ail
AIL0000283,9268B5DF95BB6E09,2025-12-31,647.31,EFT,RETURNED,ail
AIL0000284,ABF89388F254A50E,2026-03-01,1533.48,CREDIT_CARD,PAID,ail
AIL0000284,15C33FAEFCE176A1,2026-01-30,1533.48,CHECK,PAID,ail
AIL0000284,4CD3A6A49FC08086,2025-12-31,1533.48,CREDIT_CARD,RETURNED,ail
AIL0000285,CA7CD927EF5E0D74,2026-03-01,623.76,CREDIT_CARD,PAID,ail
AIL0000285,4AD76A0D52194D62,2026-01-30,623.76,CREDIT_CARD,PAID,ail
AIL0000285,CCA0152EFBCB4DB6,2025-12-31,623.76,CHECK,PAID,ail
AIL0000286,2B4786C5FDE02B7A,2026-03-01,132.40,CHECK,PAID,ail
AIL0000286,FB66BCAF47BE30EB,2026-01-30,132.40,CREDIT_CARD,PAID,ail
AIL0000286,2AB8C610E7E399B8,2025-12-31,132.40,EFT,PAID,ail
AIL0000287,6ED5CA30FF03F1A9,2026-03-01,152.18,CHECK,PAID,ail
AIL0000287,C27FF69EFEBEA834,2026-01-30,152.18,CREDIT_CARD,RETURNED,ail
AIL0000287,8D204CF6553A2BAD,2025-12-31,152.18,EFT,PAID,ail
AIL0000288,BC11733C02BBC915,2026-03-01,145.56,CREDIT_CARD,PAID,ail
AIL0000288,E78F980A331BC38A,2026-01-30,145.56,CHECK,RETURNED,ail
AIL0000288,AC01E53DB1FE69B8,2025-12-31,145.56,CHECK,RETURNED,ail
AIL0000289,FE600C12DA8746DB,2026-03-01,2020.73,CHECK,RETURNED,ail
AIL0000289,F1624DF921E10AE8,2026-01-30,2020.73,CHECK,PAID,ail
AIL0000289,4819A23A7D23FD9A,2025-12-31,2020.73,CHECK,PAID,ail
AIL0000290,CE339EE015B52510,2026-03-01,817.71,CREDIT_CARD,PAID,ail
AIL0000290,1D0FFE16E554674F,2026-01-30,817.71,EFT,PAID,ail
AIL0000290,3E32B1B41B679A64,2025-12-31,817.71,EFT,PAID,ail
AIL0000291,3CA872F2CD2C4A30,2026-03-01,95.96,EFT,PAID,ail
AIL0000291,BC8B7EB7037146F7,2026-01-30,95.96,CHECK,PENDING,ail
AIL0000291,A049D164952F6D11,2025-12-31,95.96,CHECK,PAID,ail
AIL0000292,0E60EC161F39F9F9,2026-03-01,1920.57,CREDIT_CARD,PAID,ail
AIL0000292,ED3329B7BEFE0E22,2026-01-30,1920.57,EFT,PAID,ail
AIL0000292,17722CF0F38E6BC3,2025-12-31,1920.57,EFT,RETURNED,ail
AIL0000293,B78BF29D0CCCB5C6,2026-03-01,150.41,EFT,RETURNED,ail
AIL0000293,3150C32387826633,2026-01-30,150.41,CHECK,PAID,ail
AIL0000293,9AFF48AF7ECC0177,2025-12-31,150.41,CREDIT_CARD,PAID,ail
AIL0000294,DD712DC59780FE9B,2026-03-01,1138.32,EFT,RETURNED,ail
AIL0000294,145DEEC7019DC12D,2026-01-30,1138.32,EFT,PAID,ail
AIL0000294,8AC068D3E0D02F5A,2025-12-31,1138.32,CREDIT_CARD,PAID,ail
AIL0000295,302DC72B13664D76,2026-03-01,1379.16,EFT,PAID,ail
AIL0000295,299497753A4B90E3,2026-01-30,1379.16,CHECK,PENDING,ail
AIL0000295,81B41B37698B4FF4,2025-12-31,1379.16,CREDIT_CARD,PAID,ail
AIL0000296,BC4600BD584220F1,2026-03-01,1570.59,EFT,PENDING,ail
AIL0000296,F7D7F5C0E3FB7B87,2026-01-30,1570.59,CREDIT_CARD,PAID,ail
AIL0000296,108D1F0429489BDA,2025-12-31,1570.59,EFT,PAID,ail
AIL0000297,9EAE2FEB0F76A282,2026-03-01,1026.92,CHECK,PAID,ail
AIL0000297,B752F753E60D400F,2026-01-30,1026.92,CHECK,PAID,ail
AIL0000297,16965A15ACAC1B18,2025-12-31,1026.92,CHECK,PENDING,ail
AIL0000298,AE5B4FF8B2B51B60,2026-03-01,553.17,CREDIT_CARD,PAID,ail
AIL0000298,D6F83AA7BA266E87,2026-01-30,553.17,CHECK,RETURNED,ail
AIL0000298,7AFEB17ECF9B6D33,2025-12-31,553.17,CHECK,RETURNED,ail
AIL0000299,FFC4D95B8BC135A9,2026-03-01,1705.03,CREDIT_CARD,PAID,ail
AIL0000299,0AEE5A682BA95B90,2026-01-30,1705.03,CREDIT_CARD,PAID,ail
AIL0000299,762E0DA3E14604DF,2025-12-31,1705.03,CHECK,RETURNED,ail
AIL0000300,27165AB673C1D557,2026-03-01,2639.98,EFT,RETURNED,ail
AIL0000300,DF94A2F806444F36,2026-01-30,2639.98,EFT,PAID,ail
AIL0000300,A1D76730DEC8BCBB,2025-12-31,2639.98,EFT,RETURNED,ail
AIL0000301,A969E4FCD14170C1,2026-03-01,213.20,EFT,PAID,ail
AIL0000301,378CE7B72F14B369,2026-01-30,213.20,EFT,PAID,ail
AIL0000301,45590D60265FD5C1,2025-12-31,213.20,CHECK,PAID,ail
AIL0000302,D46C57764DB3A044,2026-03-01,606.86,CREDIT_CARD,PAID,ail
AIL0000302,9B58E20A7C8D8AEF,2026-01-30,606.86,CREDIT_CARD,RETURNED,ail
AIL0000302,DA024444F28446FA,2025-12-31,606.86,EFT,RETURNED,ail
AIL0000303,1B2391F0F620E4C0,2026-03-01,2314.05,EFT,PAID,ail
AIL0000303,4A10FF5A9B99F012,2026-01-30,2314.05,EFT,PAID,ail
AIL0000303,CDBA2CAC7E85F617,2025-12-31,2314.05,EFT,RETURNED,ail
AIL0000304,289A2ABCA1AA8C49,2026-03-01,144.40,CHECK,PAID,ail
AIL0000304,9C9392456DD2C683,2026-01-30,144.40,EFT,PENDING,ail
AIL0000304,57522610482A68FF,2025-12-31,144.40,CREDIT_CARD,PAID,ail
AIL0000305,90B950BB5E9BFA6C,2026-03-01,672.90,CHECK,PAID,ail
AIL0000305,6AC08CCB5EB8E0DB,2026-01-30,672.90,EFT,PAID,ail
AIL0000305,3BC29D89B0333C0D,2025-12-31,672.90,CHECK,RETURNED,ail
AIL0000306,CB37A85D93C4AD32,2026-03-01,1394.46,CHECK,PAID,ail
AIL0000306,5263A195F7294C21,2026-01-30,1394.46,CREDIT_CARD,PENDING,ail
AIL0000306,B5465C933A9AF0B6,2025-12-31,1394.46,CREDIT_CARD,PENDING,ail
AIL0000307,90344C867D14190D,2026-03-01,390.25,CHECK,PAID,ail
AIL0000307,18781AE5E17766B1,2026-01-30,390.25,CHECK,PAID,ail
AIL0000307,877BFB5014D0945B,2025-12-31,390.25,CHECK,RETURNED,ail
AIL0000308,BA52DBF2F5515CD0,2026-03-01,1275.84,CHECK,PAID,ail
AIL0000308,31745B78C705DD1E,2026-01-30,1275.84,CHECK,PAID,ail
AIL0000308,0F1C0455C71B3B67,2025-12-31,1275.84,CHECK,PAID,ail
AIL0000309,D32880C75B2DE07E,2026-03-01,1408.79,CREDIT_CARD,RETURNED,ail
AIL0000309,45D3708AC89F884F,2026-01-30,1408.79,CHECK,RETURNED,ail
AIL0000309,E21A47B99AD24609,2025-12-31,1408.79,CREDIT_CARD,PAID,ail
AIL0000310,EC78342EF52D82CC,2026-03-01,823.55,CREDIT_CARD,PENDING,ail
AIL0000310,0F810DB2BBC1686B,2026-01-30,823.55,CREDIT_CARD,PAID,ail
AIL0000310,484F0DA6810E9D40,2025-12-31,823.55,EFT,RETURNED,ail
AIL0000311,4C55542D02CB42D1,2026-03-01,254.81,CHECK,PAID,ail
AIL0000311,0760D4080678FE13,2026-01-30,254.81,CREDIT_CARD,RETURNED,ail
AIL0000311,C69AA02477064602,2025-12-31,254.81,EFT,RETURNED,ail
AIL0000312,71B31C9198063AF9,2026-03-01,494.57,CHECK,PAID,ail
AIL0000312,46A49F8D74B8B222,2026-01-30,494.57,EFT,PENDING,ail
AIL0000312,9623934629B3E2D3,2025-12-31,494.57,EFT,PAID,ail
AIL0000313,5397FF39DE240EC5,2026-03-01,872.72,CREDIT_CARD,RETURNED,ail
AIL0000313,D4F1211050B57397,2026-01-30,872.72,CREDIT_CARD,RETURNED,ail
AIL0000313,6F2BA37EA0FEF51E,2025-12-31,872.72,CREDIT_CARD,PAID,ail
AIL0000314,C2B2315DD608E6AC,2026-03-01,183.21,EFT,PAID,ail
AIL0000314,918B2860C1A96B3B,2026-01-30,183.21,EFT,PENDING,ail
AIL0000314,B6B2B13CB79F0581,2025-12-31,183.21,EFT,RETURNED,ail
AIL0000315,1A2D445326CD4979,2026-03-01,101.56,CREDIT_CARD,PAID,ail
AIL0000315,178419193C29D9ED,2026-01-30,101.56,CHECK,PAID,ail
AIL0000315,57F4680169A2E466,2025-12-31,101.56,EFT,RETURNED,ail
AIL0000316,A44E3B1C6A961AC0,2026-03-01,2277.52,CHECK,PAID,ail
AIL0000316,D07A2B5816E7BFF3,2026-01-30,2277.52,EFT,RETURNED,ail
AIL0000316,E9531B87C344819D,2025-12-31,2277.52,CHECK,PAID,ail
AIL0000317,06339F7F8EC46AAB,2026-03-01,199.44,EFT,PAID,ail
AIL0000317,381071770ACC09DA,2026-01-30,199.44,EFT,PAID,ail
AIL0000317,802643C4233E8B97,2025-12-31,199.44,CHECK,PAID,ail
AIL0000318,04EDF1876553B96B,2026-03-01,367.21,CREDIT_CARD,PAID,ail
AIL0000318,B6F957DCAB6DA9AB,2026-01-30,367.21,CREDIT_CARD,RETURNED,ail
AIL0000318,333B5A5D0A45F604,2025-12-31,367.21,CREDIT_CARD,PAID,ail
AIL0000319,5971116A01D4BCF6,2026-03-01,811.99,CREDIT_CARD,PAID,ail
AIL0000319,8257909D5E3CFF18,2026-01-30,811.99,EFT,RETURNED,ail
AIL0000319,01E1AF8F89465E5B,2025-12-31,811.99,CREDIT_CARD,PENDING,ail
AIL0000320,636F7ABF82C901DF,2026-03-01,336.37,EFT,PAID,ail
AIL0000320,55A0DB97419B7333,2026-01-30,336.37,EFT,PAID,ail
AIL0000320,1E81C59964838F5B,2025-12-31,336.37,CREDIT_CARD,PAID,ail
AIL0000321,A6C2B716F7BD7750,2026-03-01,470.78,CREDIT_CARD,PENDING,ail
AIL0000321,2F51270F346003A3,2026-01-30,470.78,EFT,PAID,ail
AIL0000321,BE2904F81B52A1E6,2025-12-31,470.78,EFT,PAID,ail
AIL0000322,D53AE1644C71B0D5,2026-03-01,1401.72,CREDIT_CARD,PAID,ail
AIL0000322,4DA9B236D15F4ACD,2026-01-30,1401.72,CHECK,RETURNED,ail
AIL0000322,3AD4D4C4A0493ED9,2025-12-31,1401.72,CREDIT_CARD,PAID,ail
AIL0000323,376788AB032A0C06,2026-03-01,98.68,EFT,PAID,ail
AIL0000323,B84E203DF2612977,2026-01-30,98.68,CHECK,PAID,ail
AIL0000323,9A106A5264087AC9,2025-12-31,98.68,EFT,RETURNED,ail
AIL0000324,FC9DB15BCB8553F6,2026-03-01,1144.14,CREDIT_CARD,PAID,ail
AIL0000324,E268D92F1B757ED1,2026-01-30,1144.14,EFT,PAID,ail
AIL0000324,02DEC88FDB6F3AD4,2025-12-31,1144.14,CHECK,PAID,ail
AIL0000325,F611C0EC916FB778,2026-03-01,88.60,EFT,PAID,ail
AIL0000325,A551524C371E7782,2026-01-30,88.60,EFT,RETURNED,ail
AIL0000325,137B41C25F7131E1,2025-12-31,88.60,CHECK,RETURNED,ail
AIL0000326,E60584A208F548E7,2026-03-01,655.38,EFT,PAID,ail
AIL0000326,EE1CB89A74F935CA,2026-01-30,655.38,EFT,PAID,ail
AIL0000326,F3D21FD2BE87DBAC,2025-12-31,655.38,CREDIT_CARD,PAID,ail
AIL0000327,03AC0D1B2CB15C02,2026-03-01,330.09,EFT,PAID,ail
AIL0000327,DEAAACAA748AE89C,2026-01-30,330.09,CREDIT_CARD,PENDING,ail
AIL0000327,B3EFBAA905C66C4D,2025-12-31,330.09,CREDIT_CARD,RETURNED,ail
AIL0000328,10AE2DFC37296854,2026-03-01,1354.77,CHECK,RETURNED,ail
AIL0000328,6EB7808B7F572473,2026-01-30,1354.77,CHECK,RETURNED,ail
AIL0000328,93A69684036599FC,2025-12-31,1354.77,EFT,PAID,ail
AIL0000329,4814E14EB5BC1EFC,2026-03-01,346.96,CREDIT_CARD,RETURNED,ail
AIL0000329,063FEC11446CC0D6,2026-01-30,346.96,CREDIT_CARD,PAID,ail
AIL0000329,3C1D10BE302557F7,2025-12-31,346.96,CREDIT_CARD,RETURNED,ail
AIL0000330,DF9F10990B4BA6C4,2026-03-01,809.06,CREDIT_CARD,RETURNED,ail
AIL0000330,7D10257CB3F45487,2026-01-30,809.06,EFT,PAID,ail
AIL0000330,9919BE9116A26E58,2025-12-31,809.06,CHECK,RETURNED,ail
AIL0000331,A89A18FE5F8E74DF,2026-03-01,1760.24,CHECK,PENDING,ail
AIL0000331,BC35BC9A521A21A4,2026-01-30,1760.24,CREDIT_CARD,PAID,ail
AIL0000331,66DB005E9488C285,2025-12-31,1760.24,CHECK,RETURNED,ail
AIL0000332,D071365425CB49DE,2026-03-01,199.62,CREDIT_CARD,RETURNED,ail
AIL0000332,5C3E82E96867453F,2026-01-30,199.62,CHECK,PAID,ail
AIL0000332,233C790AE28070D1,2025-12-31,199.62,CHECK,PAID,ail
AIL0000333,DC9EEC0B8A09C8B4,2026-03-01,342.83,CREDIT_CARD,PAID,ail
AIL0000333,81A0578257EC95F3,2026-01-30,342.83,CREDIT_CARD,PAID,ail
AIL0000333,A1F875A48A4B4559,2025-12-31,342.83,CREDIT_CARD,PAID,ail
AIL0000334,D0F64C6DFA2BDFF7,2026-03-01,394.33,EFT,RETURNED,ail
AIL0000334,E177105F6B4203F7,2026-01-30,394.33,EFT,PENDING,ail
AIL0000334,1A93A3F1850276C0,2025-12-31,394.33,CREDIT_CARD,PAID,ail
AIL0000335,2A29E752F139E895,2026-03-01,912.43,CREDIT_CARD,PAID,ail
AIL0000335,55BBFD22C9A84BDD,2026-01-30,912.43,CHECK,PAID,ail
AIL0000335,CC027D43D622D179,2025-12-31,912.43,CHECK,PENDING,ail
AIL0000336,648E85EBD1C1A2DB,2026-03-01,2019.09,EFT,PENDING,ail
AIL0000336,B013B8E468729600,2026-01-30,2019.09,EFT,PAID,ail
AIL0000336,27DC08577422ACB0,2025-12-31,2019.09,CREDIT_CARD,PAID,ail
AIL0000337,8127A367F822C3B6,2026-03-01,560.01,EFT,RETURNED,ail
AIL0000337,B1E76AB9127C22F0,2026-01-30,560.01,CHECK,PAID,ail
AIL0000337,D34266C94D88136E,2025-12-31,560.01,EFT,PENDING,ail
AIL0000338,060476DD30E5CE91,2026-03-01,496.05,EFT,PAID,ail
AIL0000338,2F8AF5DB3503AE05,2026-01-30,496.05,CREDIT_CARD,PAID,ail
AIL0000338,F37590D373DD8D31,2025-12-31,496.05,EFT,RETURNED,ail
AIL0000339,B2A43BF402B49D26,2026-03-01,3117.37,CREDIT_CARD,PAID,ail
AIL0000339,355CDFFF5FFA7DBE,2026-01-30,3117.37,CHECK,RETURNED,ail
AIL0000339,7A7B029BEB680076,2025-12-31,3117.37,CREDIT_CARD,PENDING,ail
AIL0000340,081190E9FA1D8DED,2026-03-01,259.23,CHECK,PAID,ail
AIL0000340,B35C9601417AF0CB,2026-01-30,259.23,CHECK,RETURNED,ail
AIL0000340,1916F984C510C97A,2025-12-31,259.23,CHECK,PENDING,ail
AIL0000341,AF5235BCF8AB33F4,2026-03-01,161.44,CHECK,PAID,ail
AIL0000341,7CC96B10F677FB06,2026-01-30,161.44,EFT,RETURNED,ail
AIL0000341,153D2C6B1790834B,2025-12-31,161.44,EFT,PAID,ail
AIL0000342,9A861A163DCAFD82,2026-03-01,111.13,CHECK,PAID,ail
AIL0000342,C6F434688D78E1C8,2026-01-30,111.13,CREDIT_CARD,RETURNED,ail
AIL0000342,184EE3DB691D8BEA,2025-12-31,111.13,EFT,PAID,ail
AIL0000343,EF7F6E3F073A7522,2026-03-01,320.80,CREDIT_CARD,RETURNED,ail
AIL0000343,7692F6812E654DCC,2026-01-30,320.80,CHECK,PENDING,ail
AIL0000343,8921349FECCB853B,2025-12-31,320.80,CREDIT_CARD,PAID,ail
AIL0000344,7DB8AA1C8448D4ED,2026-03-01,981.42,EFT,RETURNED,ail
AIL0000344,0A3169F729A9BBF0,2026-01-30,981.42,CHECK,PENDING,ail
AIL0000344,AFD29B721C13A1E7,2025-12-31,981.42,EFT,PAID,ail
AIL0000345,632655640175105A,2026-03-01,73.32,CREDIT_CARD,PAID,ail
AIL0000345,4D6200500B3B5EFA,2026-01-30,73.32,EFT,PAID,ail
AIL0000345,9564D4C1AEDB4262,2025-12-31,73.32,CHECK,PAID,ail
AIL0000346,E9623C3CF2B2D2F2,2026-03-01,343.30,EFT,PAID,ail
AIL0000346,BD87FF1121CAAFCD,2026-01-30,343.30,CREDIT_CARD,PENDING,ail
AIL0000346,5DDE74667F0366EF,2025-12-31,343.30,CREDIT_CARD,RETURNED,ail
AIL0000347,5E48245AB19DAB55,2026-03-01,574.23,CREDIT_CARD,PENDING,ail
AIL0000347,0895DF3C7941A6A4,2026-01-30,574.23,CHECK,RETURNED,ail
AIL0000347,1122E28F6C18EB52,2025-12-31,574.23,EFT,PAID,ail
AIL0000348,79810EDF5B8E76FD,2026-03-01,146.90,CHECK,PENDING,ail
AIL0000348,ED88BDDAE8180064,2026-01-30,146.90,EFT,PAID,ail
AIL0000348,92071602161CD674,2025-12-31,146.90,EFT,PAID,ail
AIL0000349,8EAFB35B5F91B1AF,2026-03-01,2118.75,CHECK,RETURNED,ail
AIL0000349,A800D519CA3D51CC,2026-01-30,2118.75,EFT,PENDING,ail
AIL0000349,0A2D6F038F464F34,2025-12-31,2118.75,EFT,PAID,ail
AIL0000350,64058E04B393CB2D,2026-03-01,621.16,EFT,PAID,ail
AIL0000350,031D45FCC9C01379,2026-01-30,621.16,EFT,PENDING,ail
AIL0000350,87D01CF295E81A39,2025-12-31,621.16,EFT,PAID,ail
AIL0000351,3E618F4BEBB511E6,2026-03-01,3612.50,CHECK,PAID,ail
AIL0000351,7A70425B7989D78E,2026-01-30,3612.50,CHECK,PAID,ail
AIL0000351,8D938A78634AA1A4,2025-12-31,3612.50,CREDIT_CARD,PENDING,ail
AIL0000352,2080293CAAC5E8A3,2026-03-01,176.91,CREDIT_CARD,PAID,ail
AIL0000352,7A49C96A11680E55,2026-01-30,176.91,CREDIT_CARD,PAID,ail
AIL0000352,A07F33853F3FD62F,2025-12-31,176.91,CHECK,PAID,ail
AIL0000353,0F46BB1168094564,2026-03-01,201.46,CHECK,PAID,ail
AIL0000353,65066540C7D77FBB,2026-01-30,201.46,EFT,PAID,ail
AIL0000353,5FA9A39EEE4798D4,2025-12-31,201.46,CHECK,RETURNED,ail
AIL0000354,E8527018BFA4CE84,2026-03-01,275.82,EFT,RETURNED,ail
AIL0000354,8271B0D0CA5C159E,2026-01-30,275.82,CHECK,PAID,ail
AIL0000354,49A1F7A185713253,2025-12-31,275.82,CHECK,PAID,ail
AIL0000355,8FCAB2A910FB436C,2026-03-01,98.88,EFT,PAID,ail
AIL0000355,5E98EFDF0A3A1171,2026-01-30,98.88,CHECK,RETURNED,ail
AIL0000355,CE8B30CEA67155CD,2025-12-31,98.88,CHECK,PAID,ail
AIL0000356,4EE26290EB59003A,2026-03-01,3388.25,CHECK,PENDING,ail
AIL0000356,DF044782C1E62068,2026-01-30,3388.25,CREDIT_CARD,PENDING,ail
AIL0000356,AEA398C6EC677B25,2025-12-31,3388.25,CREDIT_CARD,PENDING,ail
AIL0000357,564A90627825E2F0,2026-03-01,2885.94,EFT,RETURNED,ail
AIL0000357,8459F41E8861972E,2026-01-30,2885.94,CREDIT_CARD,PAID,ail
AIL0000357,EF252AA844A9844F,2025-12-31,2885.94,CHECK,PAID,ail
AIL0000358,E7E337C4ED441085,2026-03-01,1279.68,CHECK,PAID,ail
AIL0000358,F8EB51B859382971,2026-01-30,1279.68,CHECK,PAID,ail
AIL0000358,AD14E5BF848622E3,2025-12-31,1279.68,CHECK,PAID,ail
AIL0000359,3037E34DA8BB81DC,2026-03-01,1918.97,CREDIT_CARD,PAID,ail
AIL0000359,4B861F69B03689A4,2026-01-30,1918.97,EFT,PAID,ail
AIL0000359,523664EF8D8B1051,2025-12-31,1918.97,EFT,RETURNED,ail
AIL0000360,B905A7B6B97EE830,2026-03-01,323.84,CHECK,PAID,ail
AIL0000360,A22966C4CA39D65A,2026-01-30,323.84,CHECK,PAID,ail
AIL0000360,7F387CE2CF407865,2025-12-31,323.84,CHECK,PAID,ail
AIL0000361,9174DC0BEEB74413,2026-03-01,105.41,CHECK,PENDING,ail
AIL0000361,9B21C0654135B443,2026-01-30,105.41,EFT,PAID,ail
AIL0000361,D028460260665E51,2025-12-31,105.41,CREDIT_CARD,RETURNED,ail
AIL0000362,413B48C4EF229E93,2026-03-01,912.01,CHECK,RETURNED,ail
AIL0000362,9565BC2F8CF70470,2026-01-30,912.01,CHECK,PENDING,ail
AIL0000362,4404FE9A32FE1DEA,2025-12-31,912.01,EFT,RETURNED,ail
AIL0000363,79F343731BAB13AC,2026-03-01,1472.20,CHECK,RETURNED,ail
AIL0000363,2E5CE13A23C52C31,2026-01-30,1472.20,EFT,PAID,ail
AIL0000363,0DF3DA58FE833C05,2025-12-31,1472.20,EFT,PAID,ail
AIL0000364,209EBC4644B6CC9E,2026-03-01,1896.25,EFT,RETURNED,ail
AIL0000364,A9093889E42CFE33,2026-01-30,1896.25,CREDIT_CARD,PAID,ail
AIL0000364,FA11F0E7566D56E8,2025-12-31,1896.25,CREDIT_CARD,PAID,ail
AIL0000365,9E49B057386E995D,2026-03-01,1917.73,CREDIT_CARD,PENDING,ail
AIL0000365,8D783A9BED87ADB6,2026-01-30,1917.73,CHECK,PAID,ail
AIL0000365,9588E38E8DBFF478,2025-12-31,1917.73,CHECK,PAID,ail
AIL0000366,34010FE9621E1D14,2026-03-01,347.66,CREDIT_CARD,PENDING,ail
AIL0000366,17576CC8290FB2BD,2026-01-30,347.66,CREDIT_CARD,PENDING,ail
AIL0000366,CF3EB0D7450CF845,2025-12-31,347.66,CHECK,PAID,ail
AIL0000367,3DF5516B3891B7F7,2026-03-01,1273.17,CHECK,PENDING,ail
AIL0000367,EAE981CB2C6D523B,2026-01-30,1273.17,EFT,PAID,ail
AIL0000367,ABD13F1A3D201440,2025-12-31,1273.17,CHECK,RETURNED,ail
AIL0000368,7237E20D62FEFCAE,2026-03-01,1116.81,EFT,PAID,ail
AIL0000368,6895B96F14FDC3A7,2026-01-30,1116.81,CREDIT_CARD,RETURNED,ail
AIL0000368,E35BBA6DBD39E09D,2025-12-31,1116.81,CHECK,PENDING,ail
AIL0000369,458FA881C3DAB31B,2026-03-01,753.71,EFT,RETURNED,ail
AIL0000369,8620A10AE0099D7A,2026-01-30,753.71,CHECK,PAID,ail
AIL0000369,9D9A70E181EF688B,2025-12-31,753.71,CHECK,RETURNED,ail
AIL0000370,13CDAA4CB415B7CF,2026-03-01,167.63,CREDIT_CARD,RETURNED,ail
AIL0000370,3506880F676CF539,2026-01-30,167.63,EFT,PAID,ail
AIL0000370,3FAF1B34462E27AF,2025-12-31,167.63,CREDIT_CARD,PAID,ail
AIL0000371,783F1CD0E0B2F356,2026-03-01,670.91,EFT,PENDING,ail
AIL0000371,108FD94BB294A9B6,2026-01-30,670.91,CHECK,PAID,ail
AIL0000371,5C098A5C585DFD17,2025-12-31,670.91,CHECK,PAID,ail
AIL0000372,6C944BCAE8C08C02,2026-03-01,1355.60,EFT,RETURNED,ail
AIL0000372,44E527EA3A82B37C,2026-01-30,1355.60,CHECK,PAID,ail
AIL0000372,381958F22B258BDF,2025-12-31,1355.60,CREDIT_CARD,PENDING,ail
AIL0000373,094A8492D88D11DD,2026-03-01,129.30,CHECK,PAID,ail
AIL0000373,170870033A843B35,2026-01-30,129.30,CREDIT_CARD,PAID,ail
AIL0000373,8D85E013B20004FA,2025-12-31,129.30,EFT,PAID,ail
AIL0000374,2626C97D73FE6A93,2026-03-01,53.81,CHECK,PAID,ail
AIL0000374,DEFA6D4A474CA879,2026-01-30,53.81,EFT,PAID,ail
AIL0000374,854002B02AA82F4E,2025-12-31,53.81,EFT,PAID,ail
AIL0000375,A7954D2B929681B0,2026-03-01,211.00,CREDIT_CARD,PAID,ail
AIL0000375,F127F7BD78623252,2026-01-30,211.00,CHECK,PAID,ail
AIL0000375,F61A84B9CEC74F48,2025-12-31,211.00,EFT,PENDING,ail
AIL0000376,44E0137119FC9448,2026-03-01,168.25,EFT,PENDING,ail
AIL0000376,8DAE27D77668D540,2026-01-30,168.25,CHECK,PAID,ail
AIL0000376,2FD2908FEEA163A7,2025-12-31,168.25,EFT,PAID,ail
AIL0000377,8364156045B7E83C,2026-03-01,1022.56,EFT,PENDING,ail
AIL0000377,64D072F80E8DB9F5,2026-01-30,1022.56,EFT,PAID,ail
AIL0000377,D8B6A80227E9ADD3,2025-12-31,1022.56,EFT,PAID,ail
AIL0000378,C87D01C292E8C8B1,2026-03-01,163.84,CHECK,RETURNED,ail
AIL0000378,B5D044FB2CD64D84,2026-01-30,163.84,EFT,PAID,ail
AIL0000378,C127CDFD9B23854F,2025-12-31,163.84,EFT,PAID,ail
AIL0000379,75F5332849861A4A,2026-03-01,418.13,CREDIT_CARD,RETURNED,ail
AIL0000379,8CE17E35651FD429,2026-01-30,418.13,CREDIT_CARD,RETURNED,ail
AIL0000379,F64C81BF77746C09,2025-12-31,418.13,CREDIT_CARD,PENDING,ail
AIL0000380,D66EC576B7E62B4D,2026-03-01,118.13,CREDIT_CARD,RETURNED,ail
AIL0000380,EFD6B83C86022833,2026-01-30,118.13,CHECK,PAID,ail
AIL0000380,205141117FEE16C1,2025-12-31,118.13,EFT,PAID,ail
AIL0000381,4C66B4EDD789C624,2026-03-01,1367.10,EFT,PENDING,ail
AIL0000381,603DE16161F041D0,2026-01-30,1367.10,CHECK,PAID,ail
AIL0000381,32DE30977CBA8DEA,2025-12-31,1367.10,EFT,PAID,ail
AIL0000382,732F4BD725ACF1B6,2026-03-01,447.26,CREDIT_CARD,PAID,ail
AIL0000382,6577E64D4D4E0BD1,2026-01-30,447.26,EFT,PAID,ail
AIL0000382,E75680BB3A215B51,2025-12-31,447.26,CHECK,PAID,ail
AIL0000383,5F1F05C37717A7CB,2026-03-01,2779.49,EFT,RETURNED,ail
AIL0000383,0D250730F5A98C9A,2026-01-30,2779.49,EFT,PAID,ail
AIL0000383,19EDCDBCEC39212E,2025-12-31,2779.49,CHECK,PAID,ail
AIL0000384,E3157B3462F563B1,2026-03-01,237.57,CREDIT_CARD,RETURNED,ail
AIL0000384,5AD27E7A4B40601A,2026-01-30,237.57,CREDIT_CARD,PENDING,ail
AIL0000384,FB3A3E15EF1920DA,2025-12-31,237.57,CHECK,PAID,ail
AIL0000385,81B83DE2EC073A4C,2026-03-01,849.25,EFT,PAID,ail
AIL0000385,BE8CEA8A255C4297,2026-01-30,849.25,CREDIT_CARD,PENDING,ail
AIL0000385,826F081A0651A897,2025-12-31,849.25,EFT,PENDING,ail
AIL0000386,CC6B3A6E5583B4DB,2026-03-01,370.06,CREDIT_CARD,RETURNED,ail
AIL0000386,48F0FCB253986E7F,2026-01-30,370.06,CHECK,PAID,ail
AIL0000386,1F9071B195EB44D9,2025-12-31,370.06,CHECK,RETURNED,ail
AIL0000387,C780B892AA93F2C4,2026-03-01,2211.99,CREDIT_CARD,PENDING,ail
AIL0000387,F7D75510FFA72AE1,2026-01-30,2211.99,EFT,RETURNED,ail
AIL0000387,709AC2BCB6DA79BB,2025-12-31,2211.99,CREDIT_CARD,PAID,ail
AIL0000388,17DB46133242F61C,2026-03-01,858.39,CREDIT_CARD,RETURNED,ail
AIL0000388,0AB9694F38617CE9,2026-01-30,858.39,EFT,PAID,ail
AIL0000388,31CA528C22087D01,2025-12-31,858.39,CHECK,PENDING,ail
AIL0000389,26D24D46E21734C6,2026-03-01,1780.84,CHECK,PENDING,ail
AIL0000389,EA83A56BFD8C93DF,2026-01-30,1780.84,EFT,PAID,ail
AIL0000389,DBDCFB3D29D4056E,2025-12-31,1780.84,EFT,PAID,ail
AIL0000390,77E2F124381692F5,2026-03-01,1849.55,EFT,RETURNED,ail
AIL0000390,75A8C1D7AB5EEBE9,2026-01-30,1849.55,CHECK,PENDING,ail
AIL0000390,D9C0847B5F4304E4,2025-12-31,1849.55,CHECK,PAID,ail
AIL0000391,D07B3C55E6BD4BBC,2026-03-01,2382.79,CREDIT_CARD,PAID,ail
AIL0000391,86D669465397ABDF,2026-01-30,2382.79,EFT,PENDING,ail
AIL0000391,CE62665F476A3991,2025-12-31,2382.79,CREDIT_CARD,PAID,ail
AIL0000392,45AE25D27BBFD692,2026-03-01,197.87,CHECK,PENDING,ail
AIL0000392,B96A3419F906DFDE,2026-01-30,197.87,CHECK,PAID,ail
AIL0000392,CD3A7E734CE33ED4,2025-12-31,197.87,CHECK,PAID,ail
AIL0000393,C891E9BCD83060DC,2026-03-01,672.35,EFT,PAID,ail
AIL0000393,ED11B850273BEECB,2026-01-30,672.35,EFT,PENDING,ail
AIL0000393,BE16064069A31AB6,2025-12-31,672.35,CHECK,RETURNED,ail
AIL0000394,299606D23E141965,2026-03-01,133.40,CREDIT_CARD,RETURNED,ail
AIL0000394,10FA62FCA9B2A838,2026-01-30,133.40,CHECK,PAID,ail
AIL0000394,6EA28B15D0A7D3B9,2025-12-31,133.40,EFT,RETURNED,ail
AIL0000395,5ED13AFEF006296B,2026-03-01,242.00,EFT,PAID,ail
AIL0000395,FF6FB946E10D1490,2026-01-30,242.00,CHECK,RETURNED,ail
AIL0000395,6E1B670F67C2E684,2025-12-31,242.00,EFT,PAID,ail
AIL0000396,28C0CE9B560B63A9,2026-03-01,99.31,CREDIT_CARD,PAID,ail
AIL0000396,1537846CDA6B391D,2026-01-30,99.31,EFT,PAID,ail
AIL0000396,022C6449BCC839FB,2025-12-31,99.31,EFT,PENDING,ail
AIL0000397,F855DDABEF332684,2026-03-01,979.72,CREDIT_CARD,PAID,ail
AIL0000397,78A118DF0088CA76,2026-01-30,979.72,EFT,PAID,ail
AIL0000397,D7F4D848FBD3D538,2025-12-31,979.72,CHECK,PAID,ail
AIL0000398,E493C4152A4BF5DC,2026-03-01,631.06,CHECK,PAID,ail
AIL0000398,95368AE6FF0E88EA,2026-01-30,631.06,EFT,PAID,ail
AIL0000398,EC2C4F79D24938D2,2025-12-31,631.06,EFT,PAID,ail
AIL0000399,1B87A4287D883D25,2026-03-01,407.68,CHECK,PENDING,ail
AIL0000399,86ADAB8ED63BCA59,2026-01-30,407.68,EFT,PENDING,ail
AIL0000399,765BB06910A012B2,2025-12-31,407.68,CREDIT_CARD,PAID,ail
AIL0000400,189B553583CFED3B,2026-03-01,153.96,CHECK,PENDING,ail
AIL0000400,08335CEE48A05E4F,2026-01-30,153.96,CHECK,PAID,ail
AIL0000400,79004406B1E58A88,2025-12-31,153.96,CHECK,PAID,ail
AIL0000401,B4A5F712A74B151C,2026-03-01,1545.65,CHECK,RETURNED,ail
AIL0000401,CB5475BF3C31285D,2026-01-30,1545.65,CHECK,PAID,ail
AIL0000401,261292E07616E3A2,2025-12-31,1545.65,CREDIT_CARD,PAID,ail
AIL0000402,1E22C6B2E0094827,2026-03-01,972.96,EFT,PAID,ail
AIL0000402,263A484E2048BA6E,2026-01-30,972.96,CREDIT_CARD,PAID,ail
AIL0000402,B00ECC67552DAD08,2025-12-31,972.96,CHECK,PENDING,ail
AIL0000403,1F63ED1F68EDEED7,2026-03-01,317.73,CREDIT_CARD,PENDING,ail
AIL0000403,EFFBD1974D73A782,2026-01-30,317.73,CREDIT_CARD,PAID,ail
AIL0000403,08A97C0FA7FB859F,2025-12-31,317.73,CHECK,PAID,ail
AIL0000404,08087CC40C858251,2026-03-01,99.85,CHECK,RETURNED,ail
AIL0000404,76A831C77F63D2B6,2026-01-30,99.85,CREDIT_CARD,RETURNED,ail
AIL0000404,52D61C9ADCD1AD00,2025-12-31,99.85,CHECK,PAID,ail
AIL0000405,6C1F0650B517272D,2026-03-01,323.05,CREDIT_CARD,PAID,ail
AIL0000405,910AA60DC0633A98,2026-01-30,323.05,CREDIT_CARD,PAID,ail
AIL0000405,2A07A49FC8803BAE,2025-12-31,323.05,CHECK,RETURNED,ail
AIL0000406,25EE52DB55A57AD7,2026-03-01,516.75,EFT,PAID,ail
AIL0000406,7ECFC2269A9A9F1B,2026-01-30,516.75,CHECK,PAID,ail
AIL0000406,09D7CC9C6AF98A8B,2025-12-31,516.75,EFT,PAID,ail
AIL0000407,56516AB65F7E7E7D,2026-03-01,266.17,EFT,PAID,ail
AIL0000407,F82258A7D306E664,2026-01-30,266.17,CREDIT_CARD,PAID,ail
AIL0000407,AE2BCAB8551FE4F7,2025-12-31,266.17,CREDIT_CARD,PENDING,ail
AIL0000408,FE5E9B1C875B2FE1,2026-03-01,1910.00,CREDIT_CARD,PENDING,ail
AIL0000408,6F58131632586047,2026-01-30,1910.00,CREDIT_CARD,PAID,ail
AIL0000408,974A25A0B81768F8,2025-12-31,1910.00,CREDIT_CARD,PAID,ail
AIL0000409,48D40D840B653F5F,2026-03-01,107.18,CHECK,PAID,ail
AIL0000409,F70FDC0CA085DF47,2026-01-30,107.18,EFT,RETURNED,ail
AIL0000409,EDD61DD76AD09369,2025-12-31,107.18,CHECK,PENDING,ail
AIL0000410,9744CEB0D5B5984B,2026-03-01,239.58,EFT,RETURNED,ail
AIL0000410,A6ED0E6BE43A3562,2026-01-30,239.58,EFT,PAID,ail
AIL0000410,410F71DF945E49C7,2025-12-31,239.58,CHECK,PAID,ail
AIL0000411,F3B6D5AE38C7F236,2026-03-01,919.66,CHECK,PAID,ail
AIL0000411,0C3A3ED86E152F71,2026-01-30,919.66,EFT,PAID,ail
AIL0000411,8BEA6F03E6453B43,2025-12-31,919.66,CHECK,PAID,ail
AIL0000412,C44BA50DCB6CDA6E,2026-03-01,125.84,CREDIT_CARD,PAID,ail
AIL0000412,0D1B293BA9CEF593,2026-01-30,125.84,CHECK,PENDING,ail
AIL0000412,8D676A99A94A3567,2025-12-31,125.84,CHECK,PAID,ail
AIL0000413,8F8D9EF263973DE4,2026-03-01,3137.46,CREDIT_CARD,PAID,ail
AIL0000413,33440C51A7F655FB,2026-01-30,3137.46,EFT,RETURNED,ail
AIL0000413,3EDF665FA5978064,2025-12-31,3137.46,CHECK,PAID,ail
AIL0000414,4218F371BB23E712,2026-03-01,224.40,EFT,PAID,ail
AIL0000414,296FC0D76A632A6B,2026-01-30,224.40,CHECK,PAID,ail
AIL0000414,18FC98995C86A6F9,2025-12-31,224.40,CHECK,PAID,ail
AIL0000415,118F1972A396FC57,2026-03-01,160.76,EFT,PAID,ail
AIL0000415,EFE5F873DA60314C,2026-01-30,160.76,EFT,PAID,ail
AIL0000415,CB5F8951C534F723,2025-12-31,160.76,CHECK,PAID,ail
AIL0000416,801E59011F16A10E,2026-03-01,74.50,CREDIT_CARD,RETURNED,ail
AIL0000416,AB01F1017B32AADB,2026-01-30,74.50,CREDIT_CARD,PAID,ail
AIL0000416,C9FBE7F15B33CB3F,2025-12-31,74.50,EFT,PAID,ail
AIL0000417,F1E7A2808B991282,2026-03-01,150.27,CHECK,PAID,ail
AIL0000417,CDEB8AB99ECEBB21,2026-01-30,150.27,EFT,PAID,ail
AIL0000417,290C07EB5793F195,2025-12-31,150.27,CREDIT_CARD,PENDING,ail
AIL0000418,A1AE96A0C1DF5A89,2026-03-01,90.27,CHECK,PAID,ail
AIL0000418,CAEC1D2D63A7BC90,2026-01-30,90.27,CHECK,PAID,ail
AIL0000418,CFD2BE23C69EE73D,2025-12-31,90.27,CHECK,PAID,ail
AIL0000419,C601B22F7BC19E2F,2026-03-01,60.39,CREDIT_CARD,PAID,ail
AIL0000419,3A0C5DC9BEA17713,2026-01-30,60.39,CREDIT_CARD,RETURNED,ail
AIL0000419,63247E637535DDC2,2025-12-31,60.39,CHECK,PAID,ail
AIL0000420,30260BB173F1DF26,2026-03-01,367.83,EFT,PENDING,ail
AIL0000420,AA21EE30FCD77150,2026-01-30,367.83,CHECK,PAID,ail
AIL0000420,01E7719CD667A724,2025-12-31,367.83,CHECK,RETURNED,ail
AIL0000421,85406ADB983AE235,2026-03-01,743.94,CREDIT_CARD,PAID,ail
AIL0000421,7E8D6BB37932B233,2026-01-30,743.94,CREDIT_CARD,PENDING,ail
AIL0000421,1EA822BB57385567,2025-12-31,743.94,CREDIT_CARD,PAID,ail
AIL0000422,4FE30B6D3EFC5196,2026-03-01,283.86,CREDIT_CARD,RETURNED,ail
AIL0000422,1B48732FDBD0F097,2026-01-30,283.86,EFT,PAID,ail
AIL0000422,230D27B8FF97588E,2025-12-31,283.86,CREDIT_CARD,PAID,ail
AIL0000423,570662CE47D9DD10,2026-03-01,2007.05,CHECK,PAID,ail
AIL0000423,133A84905D210794,2026-01-30,2007.05,CHECK,PAID,ail
AIL0000423,05D1C7AD6828B0B7,2025-12-31,2007.05,EFT,PAID,ail
AIL0000424,232E444CDE97DF42,2026-03-01,1887.87,CREDIT_CARD,PENDING,ail
AIL0000424,5CCEE87319A1A2D1,2026-01-30,1887.87,EFT,PAID,ail
AIL0000424,5572F1B3C49B9178,2025-12-31,1887.87,CHECK,PAID,ail
AIL0000425,142EC8B0CCE52711,2026-03-01,153.74,EFT,PAID,ail
AIL0000425,C2B8EFC0D76A64DA,2026-01-30,153.74,CREDIT_CARD,PENDING,ail
AIL0000425,CFC3845B1464CDA8,2025-12-31,153.74,CREDIT_CARD,PENDING,ail
AIL0000426,4C15B7EC8BCAE422,2026-03-01,808.31,CREDIT_CARD,PAID,ail
AIL0000426,C096DBE46755978D,2026-01-30,808.31,EFT,PAID,ail
AIL0000426,17CCB76C6B905645,2025-12-31,808.31,CREDIT_CARD,PAID,ail
AIL0000427,1825068B11997084,2026-03-01,215.26,CREDIT_CARD,PAID,ail
AIL0000427,0AE2E88E7A1B2BB4,2026-01-30,215.26,CHECK,PAID,ail
AIL0000427,43A8007E1B5D3449,2025-12-31,215.26,EFT,PENDING,ail
AIL0000428,14FE88BC3F612028,2026-03-01,185.82,CHECK,PAID,ail
AIL0000428,91AAFB5CEB0CBD6C,2026-01-30,185.82,CREDIT_CARD,PAID,ail
AIL0000428,78669BA9044FFC73,2025-12-31,185.82,EFT,PAID,ail
AIL0000429,AEB4EB8EDD23A782,2026-03-01,648.08,CREDIT_CARD,PAID,ail
AIL0000429,AE70F6F5015A749B,2026-01-30,648.08,CREDIT_CARD,PAID,ail
AIL0000429,C6B92071BAD78868,2025-12-31,648.08,EFT,RETURNED,ail
AIL0000430,9CFE793D360496B6,2026-03-01,3011.45,CREDIT_CARD,RETURNED,ail
AIL0000430,4AEECCEF871CAA58,2026-01-30,3011.45,CHECK,PAID,ail
AIL0000430,695AE210973CB616,2025-12-31,3011.45,CREDIT_CARD,PAID,ail
AIL0000431,1FE8FBE4E3BAB56C,2026-03-01,324.14,CREDIT_CARD,RETURNED,ail
AIL0000431,7F67C68A9AF20D53,2026-01-30,324.14,EFT,PAID,ail
AIL0000431,BF2D57E130F02F6B,2025-12-31,324.14,CHECK,PAID,ail
AIL0000432,1EB6D3F0948841CB,2026-03-01,1538.05,CREDIT_CARD,PAID,ail
AIL0000432,3B195B020A4AF40D,2026-01-30,1538.05,EFT,PAID,ail
AIL0000432,650C4A03AF1F1779,2025-12-31,1538.05,EFT,PAID,ail
AIL0000433,A6DFD69300B8A88F,2026-03-01,895.45,EFT,PAID,ail
AIL0000433,69D1B0370385C534,2026-01-30,895.45,EFT,PAID,ail
AIL0000433,25A0F9E224F6548D,2025-12-31,895.45,CREDIT_CARD,PAID,ail
AIL0000434,60F41905693F9BC7,2026-03-01,1468.41,CREDIT_CARD,PENDING,ail
AIL0000434,A9C2371E71836F01,2026-01-30,1468.41,EFT,PAID,ail
AIL0000434,3020D03F5A69E2C6,2025-12-31,1468.41,CREDIT_CARD,PAID,ail
AIL0000435,0C86E6B66FFCC6E5,2026-03-01,571.03,CHECK,PAID,ail
AIL0000435,0FB83639289A580F,2026-01-30,571.03,EFT,RETURNED,ail
AIL0000435,69D4DE06342ED9B4,2025-12-31,571.03,EFT,PAID,ail
AIL0000436,C4E0B1C76D1850E9,2026-03-01,80.11,EFT,RETURNED,ail
AIL0000436,10B72CCF87935D69,2026-01-30,80.11,CREDIT_CARD,RETURNED,ail
AIL0000436,396CC19CA4ED91B8,2025-12-31,80.11,CHECK,PAID,ail
AIL0000437,F6A878CC7A11DF76,2026-03-01,3032.35,CHECK,PAID,ail
AIL0000437,70293DBB3876FDAA,2026-01-30,3032.35,EFT,PAID,ail
AIL0000437,7C641C58A52D2946,2025-12-31,3032.35,CHECK,PAID,ail
AIL0000438,EF19117FA452CDEF,2026-03-01,185.41,EFT,PAID,ail
AIL0000438,85A3A4735EEEFB7F,2026-01-30,185.41,CHECK,PAID,ail
AIL0000438,84381157A885F19E,2025-12-31,185.41,CHECK,RETURNED,ail
AIL0000439,1B6C2937E282D170,2026-03-01,43.41,EFT,PAID,ail
AIL0000439,C1FB0BF53E8A1072,2026-01-30,43.41,CREDIT_CARD,PENDING,ail
AIL0000439,CC8AE9CA930CC62D,2025-12-31,43.41,CREDIT_CARD,PAID,ail
AIL0000440,262B2CDA00DCE949,2026-03-01,129.96,EFT,PAID,ail
AIL0000440,8DCA94BDC50A2D22,2026-01-30,129.96,CHECK,PENDING,ail
AIL0000440,3183EAB07B2413E8,2025-12-31,129.96,EFT,PAID,ail
AIL0000441,404C86F16CC2E20F,2026-03-01,314.29,CREDIT_CARD,PAID,ail
AIL0000441,66E66F92A0FC1EA8,2026-01-30,314.29,CREDIT_CARD,PENDING,ail
AIL0000441,1899598D5B5CFADF,2025-12-31,314.29,CHECK,RETURNED,ail
AIL0000442,0BB9C606532086AF,2026-03-01,2440.73,CHECK,PAID,ail
AIL0000442,885100753DBD210B,2026-01-30,2440.73,CHECK,RETURNED,ail
AIL0000442,8FFBC222F51ED666,2025-12-31,2440.73,EFT,PAID,ail
AIL0000443,6925F2D53B36C46E,2026-03-01,524.97,EFT,PAID,ail
AIL0000443,FEF6F9D788F47EED,2026-01-30,524.97,CREDIT_CARD,PAID,ail
AIL0000443,F9D65E8EFD61DE15,2025-12-31,524.97,CREDIT_CARD,RETURNED,ail
AIL0000444,37EDAE1A36EBAEF4,2026-03-01,3133.75,CHECK,PAID,ail
AIL0000444,EB0F61A402FEA0E2,2026-01-30,3133.75,CREDIT_CARD,RETURNED,ail
AIL0000444,A49CE87C47C9021F,2025-12-31,3133.75,CREDIT_CARD,RETURNED,ail
AIL0000445,3C98FE89EC6EE5CA,2026-03-01,309.58,CREDIT_CARD,PAID,ail
AIL0000445,CA857FE44014C0F8,2026-01-30,309.58,CREDIT_CARD,PENDING,ail
AIL0000445,C2CB0BC7F0329337,2025-12-31,309.58,EFT,PAID,ail
AIL0000446,A8449E0B2AC2FC1E,2026-03-01,1446.87,CREDIT_CARD,PAID,ail
AIL0000446,D12B32E67D531CDC,2026-01-30,1446.87,EFT,RETURNED,ail
AIL0000446,16B5B5FC199FBB17,2025-12-31,1446.87,CREDIT_CARD,PENDING,ail
AIL0000447,6D56CCD8000616D1,2026-03-01,946.89,CREDIT_CARD,PAID,ail
AIL0000447,73CD9709C0DA1043,2026-01-30,946.89,CREDIT_CARD,PAID,ail
AIL0000447,FB0F79E518F67E0C,2025-12-31,946.89,CREDIT_CARD,PENDING,ail
AIL0000448,D2832C0D2C0CA9C0,2026-03-01,978.49,EFT,PAID,ail
AIL0000448,2DEC9B01BB8133FB,2026-01-30,978.49,EFT,PAID,ail
AIL0000448,75FA99F24B851E26,2025-12-31,978.49,EFT,RETURNED,ail
AIL0000449,B9CA59281E2D22F6,2026-03-01,1765.81,CREDIT_CARD,PAID,ail
AIL0000449,E1529522C1AFD792,2026-01-30,1765.81,CHECK,RETURNED,ail
AIL0000449,D568192F10325480,2025-12-31,1765.81,EFT,RETURNED,ail
AIL0000450,8874A1C508FE3F40,2026-03-01,254.52,EFT,RETURNED,ail
AIL0000450,28542B64C3B0DE86,2026-01-30,254.52,EFT,PAID,ail
AIL0000450,6F4327CC1BC2B4B4,2025-12-31,254.52,EFT,PAID,ail
AIL0000451,E24297FC8E144E1F,2026-03-01,389.95,CREDIT_CARD,PENDING,ail
AIL0000451,97788819EE9AFB6B,2026-01-30,389.95,CREDIT_CARD,PAID,ail
AIL0000451,D42AA238284B2E1D,2025-12-31,389.95,CREDIT_CARD,PENDING,ail
AIL0000452,6CC5599972F580BD,2026-03-01,1594.68,EFT,PENDING,ail
AIL0000452,477809CE71F07CBE,2026-01-30,1594.68,CHECK,PAID,ail
AIL0000452,BBC10BBEED1C4D70,2025-12-31,1594.68,EFT,PAID,ail
AIL0000453,77019D4489131A4A,2026-03-01,111.88,EFT,PENDING,ail
AIL0000453,207495ABB1CBE822,2026-01-30,111.88,EFT,PAID,ail
AIL0000453,F316891D88964456,2025-12-31,111.88,EFT,PENDING,ail
AIL0000454,B6630E4C94A64978,2026-03-01,221.07,CREDIT_CARD,PAID,ail
AIL0000454,89FD911F2E06E33A,2026-01-30,221.07,EFT,PAID,ail
AIL0000454,82278CAC0CFE7CDF,2025-12-31,221.07,CREDIT_CARD,PENDING,ail
AIL0000455,1564B4788D620BA6,2026-03-01,644.14,CHECK,PENDING,ail
AIL0000455,42DA15724278F61E,2026-01-30,644.14,CHECK,PENDING,ail
AIL0000455,0B44CCEB2DA5BA63,2025-12-31,644.14,CHECK,RETURNED,ail
AIL0000456,CA3F48A4CD88E44E,2026-03-01,4068.92,EFT,PAID,ail
AIL0000456,713DB2049FF5846E,2026-01-30,4068.92,EFT,RETURNED,ail
AIL0000456,148529498BF640EA,2025-12-31,4068.92,CREDIT_CARD,PAID,ail
AIL0000457,D8E3CB62FE24FCD4,2026-03-01,513.32,CHECK,PAID,ail
AIL0000457,C7B1326502F39AD2,2026-01-30,513.32,EFT,PAID,ail
AIL0000457,07C4D918B91C6D9D,2025-12-31,513.32,EFT,PAID,ail
AIL0000458,95F9A545A3150039,2026-03-01,354.66,EFT,PAID,ail
AIL0000458,F3FD9E327B1463C9,2026-01-30,354.66,EFT,RETURNED,ail
AIL0000458,A5C5AFE189FDF534,2025-12-31,354.66,CHECK,PAID,ail
AIL0000459,069D887F9AD8CFA7,2026-03-01,1903.11,CREDIT_CARD,PAID,ail
AIL0000459,610918C950168BD5,2026-01-30,1903.11,CREDIT_CARD,PAID,ail
AIL0000459,A54680AD810775F3,2025-12-31,1903.11,CHECK,PAID,ail
AIL0000460,25DFA1FBD0116CB3,2026-03-01,1566.01,CREDIT_CARD,PENDING,ail
AIL0000460,7DBB4C184984E0AB,2026-01-30,1566.01,CREDIT_CARD,PAID,ail
AIL0000460,C362F40BD3090FC5,2025-12-31,1566.01,CHECK,PENDING,ail
AIL0000461,780826FF61235319,2026-03-01,125.31,EFT,PENDING,ail
AIL0000461,0B4D2DE206B868BD,2026-01-30,125.31,CREDIT_CARD,PAID,ail
AIL0000461,E2C350AF42E397D9,2025-12-31,125.31,EFT,RETURNED,ail
AIL0000462,B95175BE5C89158A,2026-03-01,1844.05,CREDIT_CARD,PAID,ail
AIL0000462,60B255BF67BA189D,2026-01-30,1844.05,CREDIT_CARD,PAID,ail
AIL0000462,CC3613692636C245,2025-12-31,1844.05,CHECK,PENDING,ail
AIL0000463,0C8B2089A94C8612,2026-03-01,72.52,CHECK,PAID,ail
AIL0000463,93AAD0C7C8FEEDD7,2026-01-30,72.52,CHECK,PAID,ail
AIL0000463,A0011BA60A148B9F,2025-12-31,72.52,CHECK,PAID,ail
AIL0000464,DB247EA29A2363FE,2026-03-01,442.36,CREDIT_CARD,PENDING,ail
AIL0000464,C95995EC5AE654B7,2026-01-30,442.36,EFT,PENDING,ail
AIL0000464,F047E4E9F3FEB7DE,2025-12-31,442.36,CREDIT_CARD,PAID,ail
AIL0000465,0C075053CD4F75E6,2026-03-01,278.26,EFT,RETURNED,ail
AIL0000465,1FCFCB8E8750BE7B,2026-01-30,278.26,CREDIT_CARD,PENDING,ail
AIL0000465,A025E80B42F8BAE4,2025-12-31,278.26,CREDIT_CARD,PAID,ail
AIL0000466,F2CD4E4B8C277F18,2026-03-01,3944.03,CHECK,RETURNED,ail
AIL0000466,8402837A3FBF7804,2026-01-30,3944.03,EFT,RETURNED,ail
AIL0000466,8740108C300C0F07,2025-12-31,3944.03,CREDIT_CARD,PAID,ail
AIL0000467,10C69C57AC49B6E2,2026-03-01,403.51,EFT,RETURNED,ail
AIL0000467,B9DA74804B8F05FF,2026-01-30,403.51,EFT,PENDING,ail
AIL0000467,AABF222FAB640937,2025-12-31,403.51,CREDIT_CARD,PAID,ail
AIL0000468,E12361753E22A676,2026-03-01,94.02,CHECK,PAID,ail
AIL0000468,D85483EFB9A893F3,2026-01-30,94.02,CREDIT_CARD,RETURNED,ail
AIL0000468,F5F5431F4F40F6ED,2025-12-31,94.02,CHECK,PAID,ail
AIL0000469,4AA7F4E263E31AC9,2026-03-01,282.38,CREDIT_CARD,RETURNED,ail
AIL0000469,C0133339F23657EC,2026-01-30,282.38,CHECK,PAID,ail
AIL0000469,2FC44D650AD56E56,2025-12-31,282.38,CHECK,PAID,ail
AIL0000470,AEE51B7A8B20CC44,2026-03-01,150.95,EFT,PAID,ail
AIL0000470,E953AB78DD8F5010,2026-01-30,150.95,CREDIT_CARD,PAID,ail
AIL0000470,6094D74C7846E9C5,2025-12-31,150.95,CHECK,RETURNED,ail
AIL0000471,9361B11D8352AABA,2026-03-01,679.12,CREDIT_CARD,PENDING,ail
AIL0000471,C5A435CB05C208E0,2026-01-30,679.12,EFT,PAID,ail
AIL0000471,B28935E78E5BEF68,2025-12-31,679.12,CREDIT_CARD,PENDING,ail
AIL0000472,B9BA04A854E08A94,2026-03-01,308.78,EFT,RETURNED,ail
AIL0000472,0FC06F77B27B14FD,2026-01-30,308.78,CREDIT_CARD,PAID,ail
AIL0000472,A39AD4DFAFD3EC8B,2025-12-31,308.78,EFT,PAID,ail
AIL0000473,F840596B357CE81A,2026-03-01,1739.25,CHECK,PAID,ail
AIL0000473,964D992141F9BF45,2026-01-30,1739.25,CHECK,PAID,ail
AIL0000473,CE8437FC38CD0CED,2025-12-31,1739.25,EFT,PAID,ail
AIL0000474,86B5CA8F746A18DC,2026-03-01,720.36,CHECK,PAID,ail
AIL0000474,F9C048829B40BB90,2026-01-30,720.36,EFT,PAID,ail
AIL0000474,ADC4B86DA180EE9B,2025-12-31,720.36,EFT,RETURNED,ail
AIL0000475,FFDB88D752B1731B,2026-03-01,133.60,EFT,PAID,ail
AIL0000475,08E5DD93DAD50F42,2026-01-30,133.60,CREDIT_CARD,PAID,ail
AIL0000475,C002C7FCEB0A97F7,2025-12-31,133.60,CREDIT_CARD,PENDING,ail
AIL0000476,63ABD48FFDCDD45C,2026-03-01,509.57,EFT,RETURNED,ail
AIL0000476,683E1858DBBEB0D9,2026-01-30,509.57,CREDIT_CARD,PENDING,ail
AIL0000476,E958C74502BB657D,2025-12-31,509.57,EFT,PAID,ail
AIL0000477,960A035C0786A459,2026-03-01,1684.16,EFT,PAID,ail
AIL0000477,8CBBCA011CACFD9F,2026-01-30,1684.16,EFT,PENDING,ail
AIL0000477,3E9011E8035BD879,2025-12-31,1684.16,CREDIT_CARD,RETURNED,ail
AIL0000478,438E1BB97F527025,2026-03-01,110.32,CREDIT_CARD,PAID,ail
AIL0000478,1EA4B89D98982E99,2026-01-30,110.32,CREDIT_CARD,RETURNED,ail
AIL0000478,9EFDA9E9E1DD2F7F,2025-12-31,110.32,CREDIT_CARD,PAID,ail
AIL0000479,2248FE755885DCA5,2026-03-01,99.62,EFT,PAID,ail
AIL0000479,CEFABF951227557D,2026-01-30,99.62,EFT,PENDING,ail
AIL0000479,496E186A93350C77,2025-12-31,99.62,EFT,PENDING,ail
AIL0000480,7A3367D087A6C63C,2026-03-01,899.00,CHECK,PAID,ail
AIL0000480,FF36FE7FC1AB5F4C,2026-01-30,899.00,CHECK,PAID,ail
AIL0000480,285D9795B9138441,2025-12-31,899.00,EFT,PENDING,ail
AIL0000481,7387DE413D79F8B6,2026-03-01,308.28,CHECK,PAID,ail
AIL0000481,179C0A6413A5893A,2026-01-30,308.28,CHECK,PAID,ail
AIL0000481,BB10F0BEDB768604,2025-12-31,308.28,CHECK,PAID,ail
AIL0000482,0AF87147BF44EA67,2026-03-01,605.45,CHECK,PAID,ail
AIL0000482,3CD68AC35665DD0B,2026-01-30,605.45,CHECK,RETURNED,ail
AIL0000482,CA6D6803F75EA48F,2025-12-31,605.45,CREDIT_CARD,PAID,ail
AIL0000483,20F8260CBF10545A,2026-03-01,131.62,CHECK,PAID,ail
AIL0000483,31646C14F1A0051F,2026-01-30,131.62,EFT,PENDING,ail
AIL0000483,63FDB07A5C7F9AEF,2025-12-31,131.62,CHECK,PENDING,ail
AIL0000484,62E3842606FB22AC,2026-03-01,223.85,EFT,RETURNED,ail
AIL0000484,BEC2E40DF0B81B29,2026-01-30,223.85,EFT,PAID,ail
AIL0000484,37F66FC4C4811514,2025-12-31,223.85,CHECK,PAID,ail
AIL0000485,8CDFE58D8252CAFF,2026-03-01,362.92,EFT,RETURNED,ail
AIL0000485,A05A53C47C4243C7,2026-01-30,362.92,CHECK,RETURNED,ail
AIL0000485,E704DB7DA4E71358,2025-12-31,362.92,EFT,PENDING,ail
AIL0000486,4A57B54143874957,2026-03-01,1607.28,CREDIT_CARD,PAID,ail
AIL0000486,E577E1B64DD35982,2026-01-30,1607.28,CREDIT_CARD,PAID,ail
AIL0000486,728AC5FDFC32964B,2025-12-31,1607.28,EFT,PAID,ail
AIL0000487,E9A84C51AAC782AC,2026-03-01,83.30,CREDIT_CARD,PENDING,ail
AIL0000487,36430F4D0BCE8EEB,2026-01-30,83.30,EFT,PAID,ail
AIL0000487,0DABA5071FC7737C,2025-12-31,83.30,EFT,PAID,ail
AIL0000488,D27F6D1F9B0DFAAB,2026-03-01,107.61,EFT,PENDING,ail
AIL0000488,94B22AF090809121,2026-01-30,107.61,CREDIT_CARD,PAID,ail
AIL0000488,92F765E74927DB4A,2025-12-31,107.61,EFT,PAID,ail
AIL0000489,9538E0354157ABEC,2026-03-01,658.05,EFT,RETURNED,ail
AIL0000489,92A2319DB4C70241,2026-01-30,658.05,CREDIT_CARD,RETURNED,ail
AIL0000489,CEDDADEC929D778E,2025-12-31,658.05,CHECK,PAID,ail
AIL0000490,99ADF607C26E3DBD,2026-03-01,826.26,CREDIT_CARD,RETURNED,ail
AIL0000490,4BA9008D85AFB680,2026-01-30,826.26,EFT,PENDING,ail
AIL0000490,62544D22944BAABB,2025-12-31,826.26,CREDIT_CARD,PENDING,ail
AIL0000491,4B5E4A401A5A8977,2026-03-01,794.38,EFT,PENDING,ail
AIL0000491,9E689A6C91C98AB6,2026-01-30,794.38,EFT,PAID,ail
AIL0000491,2F592F3E1BBD2513,2025-12-31,794.38,EFT,PAID,ail
AIL0000492,677A72F66E0C42E9,2026-03-01,664.83,CREDIT_CARD,PENDING,ail
AIL0000492,6866D52E0E05926A,2026-01-30,664.83,CREDIT_CARD,PAID,ail
AIL0000492,27AE222079150E99,2025-12-31,664.83,CHECK,PAID,ail
AIL0000493,07D02E2CE4406398,2026-03-01,274.27,CREDIT_CARD,RETURNED,ail
AIL0000493,4F3B81D63745ABE5,2026-01-30,274.27,CREDIT_CARD,PAID,ail
AIL0000493,53663145386BF5FC,2025-12-31,274.27,CREDIT_CARD,PENDING,ail
AIL0000494,F3377B9EE60587EF,2026-03-01,3919.63,CREDIT_CARD,PAID,ail
AIL0000494,C1CB8D698FA7BDEC,2026-01-30,3919.63,EFT,PAID,ail
AIL0000494,583D2337E5B23A6D,2025-12-31,3919.63,CHECK,PAID,ail
AIL0000495,9C296B7890F6EDCE,2026-03-01,458.59,CHECK,PAID,ail
AIL0000495,D9563604CDF94CB5,2026-01-30,458.59,EFT,RETURNED,ail
AIL0000495,8B64612C5BD537B1,2025-12-31,458.59,CREDIT_CARD,PAID,ail
AIL0000496,8CF50927C89A10A3,2026-03-01,217.89,CHECK,PENDING,ail
AIL0000496,A15ECDBA682C3BB2,2026-01-30,217.89,EFT,PAID,ail
AIL0000496,CF09B9907B5FB427,2025-12-31,217.89,CHECK,PAID,ail
AIL0000497,C438C125254DBEFE,2026-03-01,3028.60,EFT,PENDING,ail
AIL0000497,FB0059FF563BF6E0,2026-01-30,3028.60,EFT,PAID,ail
AIL0000497,445D3231C6F7CC83,2025-12-31,3028.60,CHECK,PENDING,ail
AIL0000498,4F8CD57DC5ECD23E,2026-03-01,1553.44,CREDIT_CARD,PAID,ail
AIL0000498,DAC97C5A0A6246B9,2026-01-30,1553.44,EFT,PAID,ail
AIL0000498,00401B203946AD23,2025-12-31,1553.44,EFT,PENDING,ail
AIL0000499,63A84422E29EAE63,2026-03-01,252.00,EFT,PAID,ail
AIL0000499,C3649C91FACA60D4,2026-01-30,252.00,CHECK,PENDING,ail
AIL0000499,AB16B1FD14CA728C,2025-12-31,252.00,EFT,PENDING,ail
AIL0000500,068634E7DABD385C,2026-03-01,90.78,EFT,PAID,ail
AIL0000500,9CB076A20E551D71,2026-01-30,90.78,CREDIT_CARD,PAID,ail
AIL0000500,9B45CAA9A13EA32A,2025-12-31,90.78,EFT,PAID,ail
AIL0000501,DCE6EA642D5C4588,2026-03-01,222.18,CREDIT_CARD,PENDING,ail
AIL0000501,F30D6EA3951C4200,2026-01-30,222.18,CHECK,RETURNED,ail
AIL0000501,BADFBB750CE06819,2025-12-31,222.18,CHECK,PAID,ail
AIL0000502,7EC9EF95E54DCE58,2026-03-01,3068.11,CHECK,RETURNED,ail
AIL0000502,298D4C4564076750,2026-01-30,3068.11,EFT,RETURNED,ail
AIL0000502,67396010B9DC86A9,2025-12-31,3068.11,CHECK,PAID,ail
AIL0000503,CC7570CC8E32EBBF,2026-03-01,265.13,EFT,RETURNED,ail
AIL0000503,79613250D3752185,2026-01-30,265.13,CHECK,PAID,ail
AIL0000503,B30408FA90BF747E,2025-12-31,265.13,CREDIT_CARD,PAID,ail
AIL0000504,EFC3584265B411ED,2026-03-01,628.75,CREDIT_CARD,PENDING,ail
AIL0000504,31FD1E5EF86561EF,2026-01-30,628.75,EFT,PAID,ail
AIL0000504,EFEF124616D4F2F7,2025-12-31,628.75,EFT,PAID,ail
AIL0000505,5840F42533DECF96,2026-03-01,412.55,CHECK,PAID,ail
AIL0000505,14433A8EED5ACDDC,2026-01-30,412.55,CHECK,PAID,ail
AIL0000505,E62C54BBFF011F14,2025-12-31,412.55,EFT,PAID,ail
AIL0000506,1CD4AA85613C826A,2026-03-01,110.23,EFT,RETURNED,ail
AIL0000506,FAC368C183674372,2026-01-30,110.23,CREDIT_CARD,PAID,ail
AIL0000506,8BCE0C247EE958AC,2025-12-31,110.23,CREDIT_CARD,PAID,ail
AIL0000507,1307AFB6728EA994,2026-03-01,201.07,CREDIT_CARD,PENDING,ail
AIL0000507,97B1AFBD43BCBD12,2026-01-30,201.07,EFT,PAID,ail
AIL0000507,0C3BADD852B19D01,2025-12-31,201.07,EFT,RETURNED,ail
AIL0000508,18323765D1452528,2026-03-01,93.41,CHECK,PAID,ail
AIL0000508,3C8BC1890D8ADCC6,2026-01-30,93.41,CHECK,PAID,ail
AIL0000508,1A037833D4FDFAD6,2025-12-31,93.41,CHECK,RETURNED,ail
AIL0000509,76949BB0E7B0E27D,2026-03-01,116.79,CREDIT_CARD,RETURNED,ail
AIL0000509,EA489DAE2B99F902,2026-01-30,116.79,EFT,PAID,ail
AIL0000509,A399991929568D7D,2025-12-31,116.79,EFT,RETURNED,ail
AIL0000510,2EB13E3CD3CB6D14,2026-03-01,3003.97,EFT,PAID,ail
AIL0000510,F942FCB2EE3ADA8B,2026-01-30,3003.97,CHECK,PAID,ail
AIL0000510,BC0B55FE5713412E,2025-12-31,3003.97,CHECK,PENDING,ail
AIL0000511,D38A9B74DDD86B0E,2026-03-01,1202.88,EFT,PENDING,ail
AIL0000511,D91B83781D6FAFFB,2026-01-30,1202.88,CREDIT_CARD,PAID,ail
AIL0000511,51856418FEF44A33,2025-12-31,1202.88,CHECK,PAID,ail
AIL0000512,F5B350AB731BD233,2026-03-01,475.19,CREDIT_CARD,PAID,ail
AIL0000512,96AF3FCBB3EBF780,2026-01-30,475.19,CREDIT_CARD,RETURNED,ail
AIL0000512,FE956F4AED56C7C7,2025-12-31,475.19,EFT,RETURNED,ail
AIL0000513,F02D81DDDC6434EF,2026-03-01,1057.05,CHECK,PAID,ail
AIL0000513,C7A6998284ADD36E,2026-01-30,1057.05,EFT,PAID,ail
AIL0000513,6049315B00938D5E,2025-12-31,1057.05,CREDIT_CARD,PAID,ail
AIL0000514,39520C712E31E772,2026-03-01,131.48,CREDIT_CARD,PAID,ail
AIL0000514,16107D9028C27491,2026-01-30,131.48,CHECK,PAID,ail
AIL0000514,8A00C9BE55C5E74B,2025-12-31,131.48,CHECK,PAID,ail
AIL0000515,BB84711F267CB754,2026-03-01,3171.14,EFT,PENDING,ail
AIL0000515,2C99562CEFE3A150,2026-01-30,3171.14,EFT,PENDING,ail
AIL0000515,65DEC4ED915FBBF9,2025-12-31,3171.14,CHECK,PENDING,ail
AIL0000516,C5C734B488C53B17,2026-03-01,4149.68,CREDIT_CARD,PAID,ail
AIL0000516,9BE4E2AC9F999133,2026-01-30,4149.68,CREDIT_CARD,PAID,ail
AIL0000516,0423793FDE3A564A,2025-12-31,4149.68,EFT,PAID,ail
AIL0000517,CC62F74854B4A8A6,2026-03-01,2998.63,EFT,PENDING,ail
AIL0000517,A98D61EC3AD41C9A,2026-01-30,2998.63,CREDIT_CARD,RETURNED,ail
AIL0000517,B77CFF4C99252280,2025-12-31,2998.63,CREDIT_CARD,PAID,ail
AIL0000518,4C52B95C2146E7B4,2026-03-01,292.76,CREDIT_CARD,PAID,ail
AIL0000518,831FE8849C174363,2026-01-30,292.76,CREDIT_CARD,PAID,ail
AIL0000518,58C688774897C6E2,2025-12-31,292.76,CHECK,PENDING,ail
AIL0000519,E9B50A89C04CF6E6,2026-03-01,1272.42,EFT,RETURNED,ail
AIL0000519,2DD5B752EC7448F9,2026-01-30,1272.42,EFT,PENDING,ail
AIL0000519,7A44167A63F78EDF,2025-12-31,1272.42,EFT,PENDING,ail
AIL0000520,EF145B3606B63727,2026-03-01,388.73,CREDIT_CARD,RETURNED,ail
AIL0000520,13F74636C7BE5406,2026-01-30,388.73,CREDIT_CARD,PAID,ail
AIL0000520,F92DF31DA9E7BB4F,2025-12-31,388.73,CHECK,RETURNED,ail
AIL0000521,2660F73F8ABEFD88,2026-03-01,2375.70,CREDIT_CARD,PENDING,ail
AIL0000521,7F4A3544817C781A,2026-01-30,2375.70,CREDIT_CARD,PAID,ail
AIL0000521,51F323E62126180A,2025-12-31,2375.70,CREDIT_CARD,PENDING,ail
AIL0000522,CA600B2D09C628DD,2026-03-01,72.54,CREDIT_CARD,PENDING,ail
AIL0000522,002AE6C6863E3610,2026-01-30,72.54,CHECK,PAID,ail
AIL0000522,3CCB9897CADB11C4,2025-12-31,72.54,CHECK,PAID,ail
AIL0000523,E50C27D4A9DFBB1D,2026-03-01,159.14,CHECK,RETURNED,ail
AIL0000523,54F5E2F09E9A1E40,2026-01-30,159.14,CREDIT_CARD,RETURNED,ail
AIL0000523,AC4A770107D7A393,2025-12-31,159.14,EFT,PAID,ail
AIL0000524,BF18D74AC743D9F1,2026-03-01,354.35,CHECK,PAID,ail
AIL0000524,EF29C0F72EBBFE0A,2026-01-30,354.35,CREDIT_CARD,RETURNED,ail
AIL0000524,323415B164E19340,2025-12-31,354.35,EFT,PAID,ail
AIL0000525,A367B5632F894E9B,2026-03-01,3373.02,EFT,PAID,ail
AIL0000525,937838F9BD46BB37,2026-01-30,3373.02,CHECK,RETURNED,ail
AIL0000525,DDC5522838E1E998,2025-12-31,3373.02,EFT,PENDING,ail
AIL0000526,1A64EED2EF3DC5A8,2026-03-01,1981.16,CHECK,RETURNED,ail
AIL0000526,AF39609514611EF1,2026-01-30,1981.16,CREDIT_CARD,PAID,ail
AIL0000526,567FD2E9C2F18BFC,2025-12-31,1981.16,CREDIT_CARD,RETURNED,ail
AIL0000527,2AED0848639A851F,2026-03-01,316.27,CREDIT_CARD,PAID,ail
AIL0000527,38BE318F96D0D89D,2026-01-30,316.27,CREDIT_CARD,PAID,ail
AIL0000527,C81C597A9BA1CBE2,2025-12-31,316.27,CREDIT_CARD,PAID,ail
AIL0000528,8125AEDBF0884735,2026-03-01,71.81,EFT,PENDING,ail
AIL0000528,5DA558735E85F364,2026-01-30,71.81,EFT,RETURNED,ail
AIL0000528,62E32FA7F4CD6362,2025-12-31,71.81,CREDIT_CARD,PAID,ail
AIL0000529,C5E38A4E7CDE6371,2026-03-01,583.35,CREDIT_CARD,PAID,ail
AIL0000529,01F239E439659C7A,2026-01-30,583.35,EFT,PAID,ail
AIL0000529,E0B43A731EB6DD1C,2025-12-31,583.35,CREDIT_CARD,PENDING,ail
AIL0000530,1CFA78A2D517FA40,2026-03-01,2059.18,CHECK,PENDING,ail
AIL0000530,32FB59FD0C00F8FF,2026-01-30,2059.18,CREDIT_CARD,PAID,ail
AIL0000530,CB1FA32544E5F394,2025-12-31,2059.18,EFT,PAID,ail
AIL0000531,1694C02C4EBD9823,2026-03-01,3424.81,CHECK,PAID,ail
AIL0000531,D3DD8CF853A70E7D,2026-01-30,3424.81,CHECK,PAID,ail
AIL0000531,2C6B2108BA9B519A,2025-12-31,3424.81,CHECK,PENDING,ail
AIL0000532,BA53D4CA79D1ACBD,2026-03-01,2144.26,CREDIT_CARD,PAID,ail
AIL0000532,728403566D1EB9B4,2026-01-30,2144.26,CHECK,PAID,ail
AIL0000532,44087B439EEAD5DE,2025-12-31,2144.26,EFT,PAID,ail
AIL0000533,09025AFD164E9CD4,2026-03-01,109.02,CHECK,PAID,ail
AIL0000533,877A71FC9D9FBEB3,2026-01-30,109.02,EFT,PENDING,ail
AIL0000533,0F657CC98FBD853A,2025-12-31,109.02,CREDIT_CARD,PAID,ail
AIL0000534,2138FE3C5C699E1F,2026-03-01,2993.11,EFT,PENDING,ail
AIL0000534,C4593083DB408797,2026-01-30,2993.11,CHECK,RETURNED,ail
AIL0000534,EF678FC82308961B,2025-12-31,2993.11,CHECK,PENDING,ail
AIL0000535,6A846C2C6D9B5AA8,2026-03-01,366.59,EFT,PAID,ail
AIL0000535,81A603DB9564A7BD,2026-01-30,366.59,CHECK,RETURNED,ail
AIL0000535,4C745676478FCEDD,2025-12-31,366.59,EFT,PAID,ail
AIL0000536,FBAFF9CA565854D5,2026-03-01,551.07,CREDIT_CARD,PAID,ail
AIL0000536,BB9E88F856EBD83A,2026-01-30,551.07,CREDIT_CARD,RETURNED,ail
AIL0000536,DDE630E0CBEE2346,2025-12-31,551.07,CHECK,PENDING,ail
AIL0000537,F53FD2D34DF67205,2026-03-01,108.83,CREDIT_CARD,PAID,ail
AIL0000537,B174429CCFFA9E4D,2026-01-30,108.83,CHECK,PAID,ail
AIL0000537,D9DBFF58EEBD342D,2025-12-31,108.83,EFT,PAID,ail
AIL0000538,A3A051E85F5C6553,2026-03-01,201.01,EFT,PENDING,ail
AIL0000538,129F9FA53B6A38CF,2026-01-30,201.01,EFT,PAID,ail
AIL0000538,E211CC10D368C594,2025-12-31,201.01,EFT,PAID,ail
AIL0000539,52F02148016D0426,2026-03-01,347.15,CHECK,RETURNED,ail
AIL0000539,A227AC14343F5341,2026-01-30,347.15,CREDIT_CARD,RETURNED,ail
AIL0000539,AE9738692EA151AA,2025-12-31,347.15,EFT,PAID,ail
AIL0000540,9DEDB8538658C2E5,2026-03-01,2258.67,CHECK,RETURNED,ail
AIL0000540,B77C1BE6FEBEE6A6,2026-01-30,2258.67,CHECK,PAID,ail
AIL0000540,B0BB79D9D9B00417,2025-12-31,2258.67,EFT,RETURNED,ail
AIL0000541,B828072570E98F08,2026-03-01,2331.64,CHECK,RETURNED,ail
AIL0000541,21366A4D01A1296E,2026-01-30,2331.64,CHECK,PENDING,ail
AIL0000541,2AEEF929B424A7A0,2025-12-31,2331.64,CHECK,PAID,ail
AIL0000542,37EB9827869CA44F,2026-03-01,1863.12,EFT,PENDING,ail
AIL0000542,BCAF0EE31B19B829,2026-01-30,1863.12,EFT,PAID,ail
AIL0000542,333F117B2054E592,2025-12-31,1863.12,CREDIT_CARD,PAID,ail
AIL0000543,4E0BEC8FA07D4D6C,2026-03-01,407.25,CREDIT_CARD,PAID,ail
AIL0000543,0213D090BD00FF19,2026-01-30,407.25,EFT,PENDING,ail
AIL0000543,7D525A4E432C03E4,2025-12-31,407.25,EFT,PAID,ail
AIL0000544,8852C78E0633A286,2026-03-01,567.03,EFT,RETURNED,ail
AIL0000544,164BA766B4C7573A,2026-01-30,567.03,CREDIT_CARD,RETURNED,ail
AIL0000544,E65CAD512E401311,2025-12-31,567.03,CHECK,RETURNED,ail
AIL0000545,5CF9D973F929EDA0,2026-03-01,450.52,CREDIT_CARD,PAID,ail
AIL0000545,279E04E761003856,2026-01-30,450.52,CREDIT_CARD,PAID,ail
AIL0000545,1719944C9E5D531A,2025-12-31,450.52,CREDIT_CARD,RETURNED,ail
AIL0000546,BAC432F83DB8014A,2026-03-01,214.64,EFT,RETURNED,ail
AIL0000546,2E80C748DE78C603,2026-01-30,214.64,CREDIT_CARD,RETURNED,ail
AIL0000546,7801792BA53A43D6,2025-12-31,214.64,EFT,PAID,ail
AIL0000547,C986B3E47161C888,2026-03-01,208.95,CREDIT_CARD,PAID,ail
AIL0000547,9522496EA7C809BE,2026-01-30,208.95,EFT,PAID,ail
AIL0000547,27BAA3DD2C2BD5A3,2025-12-31,208.95,CREDIT_CARD,PENDING,ail
AIL0000548,E1ADD4FA6974EAEE,2026-03-01,199.56,EFT,PAID,ail
AIL0000548,53B34DAFCCA5AC2E,2026-01-30,199.56,CREDIT_CARD,PENDING,ail
AIL0000548,3C7C53724D9E6B9F,2025-12-31,199.56,CREDIT_CARD,PENDING,ail
AIL0000549,A73FF5245339EB18,2026-03-01,1693.89,CHECK,PAID,ail
AIL0000549,E4FF5EECDB0F1685,2026-01-30,1693.89,CREDIT_CARD,PAID,ail
AIL0000549,4EDD1CFDF08FECF7,2025-12-31,1693.89,CHECK,RETURNED,ail
AIL0000550,BCB390767688F76E,2026-03-01,1568.03,CREDIT_CARD,RETURNED,ail
AIL0000550,64A10253CEE8EFCF,2026-01-30,1568.03,CHECK,PAID,ail
AIL0000550,5526DB8E922FEBCF,2025-12-31,1568.03,CHECK,PAID,ail
AIL0000551,9C7871DE7F849EEA,2026-03-01,224.55,CREDIT_CARD,PAID,ail
AIL0000551,9A86040E72633C6A,2026-01-30,224.55,CREDIT_CARD,RETURNED,ail
AIL0000551,2CA0ED97922FE35D,2025-12-31,224.55,CHECK,PAID,ail
AIL0000552,E6ACB189AAAE3222,2026-03-01,850.26,CREDIT_CARD,RETURNED,ail
AIL0000552,7F6953AFE9213DFA,2026-01-30,850.26,CREDIT_CARD,PAID,ail
AIL0000552,E537CD52B53A2800,2025-12-31,850.26,CHECK,PAID,ail
AIL0000553,84D992ECEA3C2DE7,2026-03-01,589.20,EFT,PAID,ail
AIL0000553,ACDB425CCFF440EB,2026-01-30,589.20,EFT,PAID,ail
AIL0000553,BAAD0DA465AA6C06,2025-12-31,589.20,CREDIT_CARD,PAID,ail
AIL0000554,0B62192AE224A224,2026-03-01,499.51,CHECK,PENDING,ail
AIL0000554,F091F0F9CF92BD95,2026-01-30,499.51,CREDIT_CARD,RETURNED,ail
AIL0000554,DD16663A8183ABC0,2025-12-31,499.51,CREDIT_CARD,RETURNED,ail
AIL0000555,B8D7E825BD6F6707,2026-03-01,1919.41,CREDIT_CARD,PAID,ail
AIL0000555,2F45A1125B7C3988,2026-01-30,1919.41,EFT,PENDING,ail
AIL0000555,CC7715050F95E5DC,2025-12-31,1919.41,EFT,PAID,ail
AIL0000556,EC2BE3083C7D53A0,2026-03-01,240.22,CHECK,PAID,ail
AIL0000556,CB53E1AEDAED71E5,2026-01-30,240.22,CREDIT_CARD,PAID,ail
AIL0000556,58CD9DF3110024B8,2025-12-31,240.22,EFT,PAID,ail
AIL0000557,DE1A8A8EEDB49F8D,2026-03-01,407.05,EFT,PAID,ail
AIL0000557,93C29F31A495DBF9,2026-01-30,407.05,EFT,PENDING,ail
AIL0000557,0626D3BEA9FC73DA,2025-12-31,407.05,EFT,PAID,ail
AIL0000558,BC23DB22DE2BDF8C,2026-03-01,178.81,CREDIT_CARD,PAID,ail
AIL0000558,3242DABAD2C07522,2026-01-30,178.81,EFT,PENDING,ail
AIL0000558,152868557858406C,2025-12-31,178.81,EFT,PENDING,ail
AIL0000559,252AC83C1D7BCA5C,2026-03-01,1249.60,CHECK,PAID,ail
AIL0000559,26DB89DCBB5452FD,2026-01-30,1249.60,EFT,PAID,ail
AIL0000559,AFD13425DDE2134C,2025-12-31,1249.60,CREDIT_CARD,RETURNED,ail
AIL0000560,0DB2672223BF1F71,2026-03-01,401.63,EFT,PENDING,ail
AIL0000560,16D83599AC6669E6,2026-01-30,401.63,EFT,PAID,ail
AIL0000560,2127130E1AC0DFF3,2025-12-31,401.63,EFT,PAID,ail
AIL0000561,22D00779724D3C00,2026-03-01,153.39,CREDIT_CARD,PAID,ail
AIL0000561,8776B75FECEF93A2,2026-01-30,153.39,CHECK,PAID,ail
AIL0000561,BF2C857E9F7B3992,2025-12-31,153.39,CREDIT_CARD,PAID,ail
AIL0000562,615A443C6E73699B,2026-03-01,209.86,CHECK,PAID,ail
AIL0000562,2DC84E80A90BDC3A,2026-01-30,209.86,CHECK,PAID,ail
AIL0000562,264E448E1A8777B0,2025-12-31,209.86,CHECK,PAID,ail
AIL0000563,8EF26CACCA32C1EB,2026-03-01,1144.67,CREDIT_CARD,RETURNED,ail
AIL0000563,EC0389C123FF18B2,2026-01-30,1144.67,CHECK,PAID,ail
AIL0000563,FB634B0B539EA196,2025-12-31,1144.67,EFT,PAID,ail
AIL0000564,D709ACC30461A44D,2026-03-01,596.44,CREDIT_CARD,PAID,ail
AIL0000564,FE9BF2D55DE1D542,2026-01-30,596.44,CHECK,RETURNED,ail
AIL0000564,CF7A9BD510E68719,2025-12-31,596.44,CREDIT_CARD,PAID,ail
AIL0000565,91A17855AABD4589,2026-03-01,3124.38,CREDIT_CARD,PAID,ail
AIL0000565,955D8F95B1CEB8E6,2026-01-30,3124.38,CHECK,PAID,ail
AIL0000565,F808E17A3A96C7F5,2025-12-31,3124.38,CHECK,PAID,ail
AIL0000566,5BE87A2AEF6739D2,2026-03-01,276.21,CREDIT_CARD,PAID,ail
AIL0000566,4E93F53A632A992B,2026-01-30,276.21,EFT,PAID,ail
AIL0000566,F106F95542653CCF,2025-12-31,276.21,EFT,PAID,ail
AIL0000567,0DC6D899EE209E85,2026-03-01,46.57,CHECK,PAID,ail
AIL0000567,7AB417D62975CEF7,2026-01-30,46.57,EFT,PENDING,ail
AIL0000567,2A9608BD0F706894,2025-12-31,46.57,CREDIT_CARD,PENDING,ail
AIL0000568,15DB0B31F6C84FF5,2026-03-01,538.08,CHECK,RETURNED,ail
AIL0000568,698F307205BAB8A1,2026-01-30,538.08,EFT,PAID,ail
AIL0000568,87F2B5814809C026,2025-12-31,538.08,CREDIT_CARD,PAID,ail
AIL0000569,2899E850DD32B854,2026-03-01,978.71,CREDIT_CARD,PAID,ail
AIL0000569,DDCFF347B5D84CAE,2026-01-30,978.71,CHECK,PAID,ail
AIL0000569,0450F2371FEBFDAF,2025-12-31,978.71,CREDIT_CARD,PAID,ail
AIL0000570,907E5F2D7F13387A,2026-03-01,164.64,CREDIT_CARD,RETURNED,ail
AIL0000570,C96E517FE49E6F6E,2026-01-30,164.64,CHECK,PENDING,ail
AIL0000570,97124B5A715C2507,2025-12-31,164.64,CREDIT_CARD,PAID,ail
AIL0000571,F21DFE362C27D031,2026-03-01,85.75,EFT,PAID,ail
AIL0000571,230933AD1B3EABA1,2026-01-30,85.75,CHECK,RETURNED,ail
AIL0000571,0B4BAF231C4DACFD,2025-12-31,85.75,CREDIT_CARD,PAID,ail
AIL0000572,1F65206E83A17FAC,2026-03-01,275.75,EFT,PAID,ail
AIL0000572,BC9742D3E955F593,2026-01-30,275.75,CHECK,PENDING,ail
AIL0000572,660D29927307039F,2025-12-31,275.75,CHECK,PAID,ail
AIL0000573,8B5C01400AE95EB4,2026-03-01,1295.88,EFT,PENDING,ail
AIL0000573,AB91DD71BA0D24F5,2026-01-30,1295.88,CHECK,RETURNED,ail
AIL0000573,07CDABEB97BE4AD9,2025-12-31,1295.88,CREDIT_CARD,PAID,ail
AIL0000574,159D880C76A5025C,2026-03-01,898.82,EFT,PENDING,ail
AIL0000574,1A06CFF073F56452,2026-01-30,898.82,EFT,PAID,ail
AIL0000574,550714A73AAC2179,2025-12-31,898.82,EFT,PAID,ail
AIL0000575,87DB9211F84FE7EF,2026-03-01,1468.53,CHECK,RETURNED,ail
AIL0000575,668ED827CD101511,2026-01-30,1468.53,EFT,PAID,ail
AIL0000575,0476444D0658A5A8,2025-12-31,1468.53,CREDIT_CARD,RETURNED,ail
AIL0000576,AD2654A487330652,2026-03-01,1504.99,CHECK,RETURNED,ail
AIL0000576,989DF5ED6DF2B925,2026-01-30,1504.99,CHECK,RETURNED,ail
AIL0000576,8FAE987E1ED8D9A2,2025-12-31,1504.99,EFT,PAID,ail
AIL0000577,C6E9C9C4DF466896,2026-03-01,179.15,EFT,PENDING,ail
AIL0000577,CF536189D294F5A8,2026-01-30,179.15,CHECK,PAID,ail
AIL0000577,64C48C04E3BF37C2,2025-12-31,179.15,CHECK,PAID,ail
AIL0000578,3D948AFD864D3A8D,2026-03-01,62.42,EFT,RETURNED,ail
AIL0000578,FAD5AB170EBD9EEF,2026-01-30,62.42,CHECK,RETURNED,ail
AIL0000578,4F8390DA19A48E55,2025-12-31,62.42,CHECK,PENDING,ail
AIL0000579,0CF2A69A1DD19A42,2026-03-01,633.48,CHECK,PENDING,ail
AIL0000579,1FD3A8D077A4D097,2026-01-30,633.48,CHECK,PAID,ail
AIL0000579,433FED33A7B4D7C9,2025-12-31,633.48,CREDIT_CARD,PAID,ail
AIL0000580,D20F65B31164D2E6,2026-03-01,294.40,CREDIT_CARD,PENDING,ail
AIL0000580,B51F34B7DBA0AA70,2026-01-30,294.40,CREDIT_CARD,PAID,ail
AIL0000580,3FD180E550A6EB22,2025-12-31,294.40,CREDIT_CARD,PAID,ail
AIL0000581,9C4D8E2C4169DE84,2026-03-01,933.95,CREDIT_CARD,PENDING,ail
AIL0000581,4C3167B696F305D7,2026-01-30,933.95,CREDIT_CARD,PENDING,ail
AIL0000581,E99E9370EDE40CF0,2025-12-31,933.95,CHECK,PENDING,ail
AIL0000582,A5E5178A394323C3,2026-03-01,1358.64,EFT,PAID,ail
AIL0000582,AF665D67706370C4,2026-01-30,1358.64,EFT,RETURNED,ail
AIL0000582,BFF9E3B28E798982,2025-12-31,1358.64,CHECK,PAID,ail
AIL0000583,260027AA197DDCEB,2026-03-01,2508.45,EFT,RETURNED,ail
AIL0000583,7C2A5CA20C921749,2026-01-30,2508.45,CHECK,PENDING,ail
AIL0000583,D4B6F0F23BB979B9,2025-12-31,2508.45,EFT,PAID,ail
AIL0000584,F78FFD83B05AB6BF,2026-03-01,121.86,CREDIT_CARD,PENDING,ail
AIL0000584,9186C2A19536922E,2026-01-30,121.86,EFT,PENDING,ail
AIL0000584,11269F9E03C0CA01,2025-12-31,121.86,CREDIT_CARD,PAID,ail
AIL0000585,F4AC51F0FCF086C5,2026-03-01,64.37,CREDIT_CARD,PAID,ail
AIL0000585,0D0D13D3779EE83D,2026-01-30,64.37,CREDIT_CARD,RETURNED,ail
AIL0000585,D820D3628A6181AE,2025-12-31,64.37,EFT,PAID,ail
AIL0000586,A9274D42288A2E51,2026-03-01,137.61,CREDIT_CARD,PAID,ail
AIL0000586,A0B58A0CA9129ABC,2026-01-30,137.61,CHECK,PAID,ail
AIL0000586,EFBF4C75E6E54D66,2025-12-31,137.61,CREDIT_CARD,PAID,ail
AIL0000587,9D7E5E48C03CAA32,2026-03-01,330.24,CREDIT_CARD,PENDING,ail
AIL0000587,FE389C35E28C259C,2026-01-30,330.24,CREDIT_CARD,RETURNED,ail
AIL0000587,1CA931D9E5BF1379,2025-12-31,330.24,EFT,RETURNED,ail
AIL0000588,80EF2CCF8999B812,2026-03-01,181.18,CREDIT_CARD,PENDING,ail
AIL0000588,A9572B45ED84859D,2026-01-30,181.18,CREDIT_CARD,PAID,ail
AIL0000588,121374ECD9F56388,2025-12-31,181.18,CREDIT_CARD,RETURNED,ail
AIL0000589,2924B4722363BD37,2026-03-01,3638.52,EFT,RETURNED,ail
AIL0000589,5B262633E2293661,2026-01-30,3638.52,CREDIT_CARD,PENDING,ail
AIL0000589,9232CC603BAEEB8E,2025-12-31,3638.52,CHECK,PENDING,ail
AIL0000590,2C2DE0BD8A02711E,2026-03-01,90.03,EFT,PAID,ail
AIL0000590,6B35A9B90BFC8C45,2026-01-30,90.03,CHECK,PAID,ail
AIL0000590,D42CEF0517FC87FD,2025-12-31,90.03,EFT,PAID,ail
AIL0000591,673A0C97987E828B,2026-03-01,94.16,EFT,PAID,ail
AIL0000591,E417EADF82CA3AC9,2026-01-30,94.16,CHECK,PENDING,ail
AIL0000591,999328992A545726,2025-12-31,94.16,CREDIT_CARD,RETURNED,ail
AIL0000592,B9E89990769EB31C,2026-03-01,1280.12,CHECK,PENDING,ail
AIL0000592,EE2291EFAB9737EF,2026-01-30,1280.12,CHECK,PAID,ail
AIL0000592,5AC9C4D496BE541B,2025-12-31,1280.12,EFT,PAID,ail
AIL0000593,94BAC2B5CA4514D1,2026-03-01,97.49,CHECK,PAID,ail
AIL0000593,7E8E148B0B44F907,2026-01-30,97.49,CREDIT_CARD,PAID,ail
AIL0000593,AC97E06748BBEC17,2025-12-31,97.49,CREDIT_CARD,PENDING,ail
AIL0000594,5AA288E1609C6C82,2026-03-01,617.83,EFT,RETURNED,ail
AIL0000594,CE08215ADBE6FC7F,2026-01-30,617.83,CREDIT_CARD,RETURNED,ail
AIL0000594,0B901A34A3D6F33A,2025-12-31,617.83,CREDIT_CARD,RETURNED,ail
AIL0000595,605627659C1D7A65,2026-03-01,1444.00,CHECK,PENDING,ail
AIL0000595,EF80A18943CBFD06,2026-01-30,1444.00,CREDIT_CARD,RETURNED,ail
AIL0000595,82FECFDC73FBB982,2025-12-31,1444.00,CHECK,PAID,ail
AIL0000596,568857918F92C2C3,2026-03-01,70.91,EFT,RETURNED,ail
AIL0000596,EEF474A3FB31A55F,2026-01-30,70.91,CHECK,PENDING,ail
AIL0000596,A15C6648D355441E,2025-12-31,70.91,CHECK,PAID,ail
AIL0000597,F7B8A5E480A5FE0D,2026-03-01,118.19,CREDIT_CARD,PAID,ail
AIL0000597,885F40AA666EF491,2026-01-30,118.19,CREDIT_CARD,PENDING,ail
AIL0000597,E15D96420A84BD34,2025-12-31,118.19,CHECK,PAID,ail
AIL0000598,FD97A59526BE21E5,2026-03-01,162.93,CREDIT_CARD,RETURNED,ail
AIL0000598,6CC73151117244F7,2026-01-30,162.93,EFT,PENDING,ail
AIL0000598,4CC639C916D49F2D,2025-12-31,162.93,EFT,PAID,ail
AIL0000599,C1B65800E5642B96,2026-03-01,1784.41,CREDIT_CARD,PAID,ail
AIL0000599,FCB4EE27C167DC84,2026-01-30,1784.41,CREDIT_CARD,PAID,ail
AIL0000599,345EC501DF85A192,2025-12-31,1784.41,CREDIT_CARD,RETURNED,ail
AIL0000600,685A9A7CB83F34CA,2026-03-01,107.04,EFT,PAID,ail
AIL0000600,0B35E0A13FA5E99F,2026-01-30,107.04,CHECK,PAID,ail
AIL0000600,668E43E1182A4EA3,2025-12-31,107.04,CHECK,PAID,ail
AIL0000601,47465064F4C621EF,2026-03-01,1909.05,CHECK,RETURNED,ail
AIL0000601,9DC4805F1FE3C69C,2026-01-30,1909.05,EFT,RETURNED,ail
AIL0000601,DF7FACAC0814B225,2025-12-31,1909.05,EFT,PAID,ail
AIL0000602,66EDB71C6A989799,2026-03-01,398.01,EFT,RETURNED,ail
AIL0000602,E585FC3D7BF7202E,2026-01-30,398.01,CREDIT_CARD,PAID,ail
AIL0000602,B33FF435207479D2,2025-12-31,398.01,CHECK,PENDING,ail
AIL0000603,0AB56E07A167974E,2026-03-01,2253.92,CREDIT_CARD,PENDING,ail
AIL0000603,00BAE133BABF9447,2026-01-30,2253.92,CHECK,RETURNED,ail
AIL0000603,18CE5087253CE114,2025-12-31,2253.92,CHECK,PAID,ail
AIL0000604,FECA6F41D908D319,2026-03-01,2215.89,EFT,PAID,ail
AIL0000604,2F49056A9F5F4623,2026-01-30,2215.89,CHECK,RETURNED,ail
AIL0000604,6C1452B48BC1163C,2025-12-31,2215.89,CREDIT_CARD,PENDING,ail
AIL0000605,F9AA5D6DB2E9D939,2026-03-01,264.77,CREDIT_CARD,RETURNED,ail
AIL0000605,70BA8E9C8CAF728A,2026-01-30,264.77,CHECK,PENDING,ail
AIL0000605,B04DEE794FF6308A,2025-12-31,264.77,EFT,PAID,ail
AIL0000606,CDB75F5750452F2B,2026-03-01,1117.83,CREDIT_CARD,PAID,ail
AIL0000606,2280229D9D1B40F5,2026-01-30,1117.83,CREDIT_CARD,PENDING,ail
AIL0000606,D84606250EFFA0C1,2025-12-31,1117.83,CREDIT_CARD,RETURNED,ail
AIL0000607,61A9529DEDC2735D,2026-03-01,201.05,CREDIT_CARD,PAID,ail
AIL0000607,797793611204A9D9,2026-01-30,201.05,EFT,RETURNED,ail
AIL0000607,3A21356C0FD68618,2025-12-31,201.05,CREDIT_CARD,PENDING,ail
AIL0000608,35073A4E65173BC6,2026-03-01,274.60,CHECK,PAID,ail
AIL0000608,B598655FF9D23CFD,2026-01-30,274.60,CREDIT_CARD,PAID,ail
AIL0000608,4289281D944AF6A6,2025-12-31,274.60,CHECK,PAID,ail
AIL0000609,0C95352201F73517,2026-03-01,1413.69,EFT,PENDING,ail
AIL0000609,4D17094C9288CBF5,2026-01-30,1413.69,EFT,PAID,ail
AIL0000609,400E45409492BA69,2025-12-31,1413.69,EFT,PAID,ail
AIL0000610,AEB251526002ED7B,2026-03-01,2043.77,CHECK,PENDING,ail
AIL0000610,7F5C62CC6E6C4C64,2026-01-30,2043.77,CHECK,PAID,ail
AIL0000610,431B011F6F90D9AF,2025-12-31,2043.77,EFT,PAID,ail
AIL0000611,6C70704850934C87,2026-03-01,170.82,CHECK,RETURNED,ail
AIL0000611,899AC6CE5704C899,2026-01-30,170.82,EFT,PENDING,ail
AIL0000611,4EFB4227F3F73D69,2025-12-31,170.82,CHECK,PAID,ail
AIL0000612,07656C229BCDE988,2026-03-01,889.99,CHECK,PAID,ail
AIL0000612,5E997F0DC84042F9,2026-01-30,889.99,CHECK,RETURNED,ail
AIL0000612,217C82B1C884FAC6,2025-12-31,889.99,CREDIT_CARD,PAID,ail
AIL0000613,0DDF8DA34A086284,2026-03-01,2702.86,EFT,RETURNED,ail
AIL0000613,9BB5A0529A88D62A,2026-01-30,2702.86,CHECK,PAID,ail
AIL0000613,B1DDECB702580DCB,2025-12-31,2702.86,CREDIT_CARD,RETURNED,ail
AIL0000614,26F3AF262CC6C3C2,2026-03-01,62.23,CHECK,PAID,ail
AIL0000614,73B171E5CC564DFF,2026-01-30,62.23,CHECK,RETURNED,ail
AIL0000614,4F848C317954AF2D,2025-12-31,62.23,CHECK,PAID,ail
AIL0000615,071A8D5363E07207,2026-03-01,3456.43,EFT,PAID,ail
AIL0000615,FBC6423EB58A4321,2026-01-30,3456.43,EFT,PAID,ail
AIL0000615,DA0EB3C3F8F001AE,2025-12-31,3456.43,CREDIT_CARD,PAID,ail
AIL0000616,FE4DB9EA636404E8,2026-03-01,2452.50,EFT,PAID,ail
AIL0000616,896F07E5FABBD975,2026-01-30,2452.50,EFT,PAID,ail
AIL0000616,FB62F1DC842A4B95,2025-12-31,2452.50,CHECK,RETURNED,ail
AIL0000617,322570FF20BAEB3F,2026-03-01,3009.54,EFT,PAID,ail
AIL0000617,F117BEC0E1EA1D2E,2026-01-30,3009.54,CHECK,RETURNED,ail
AIL0000617,037C9932E5B32F0B,2025-12-31,3009.54,CHECK,RETURNED,ail
AIL0000618,435BFA43CAE322C3,2026-03-01,326.18,EFT,RETURNED,ail
AIL0000618,1C6472C8BAFE90D2,2026-01-30,326.18,EFT,PAID,ail
AIL0000618,3A9321F740508324,2025-12-31,326.18,CREDIT_CARD,RETURNED,ail
AIL0000619,96B7CF15B249848C,2026-03-01,1145.41,CREDIT_CARD,RETURNED,ail
AIL0000619,0C4FDE2E8844276D,2026-01-30,1145.41,CHECK,PENDING,ail
AIL0000619,A2B3EE1BD1AA0C74,2025-12-31,1145.41,EFT,PAID,ail
AIL0000620,4F4C9FE82CC18E4D,2026-03-01,4623.55,EFT,PAID,ail
AIL0000620,C04D3CCAB1D8EA69,2026-01-30,4623.55,EFT,PENDING,ail
AIL0000620,5CADF1A940D2E1BE,2025-12-31,4623.55,CHECK,PAID,ail
AIL0000621,4E357338412498F9,2026-03-01,65.29,CREDIT_CARD,PAID,ail
AIL0000621,56AA814E779BFEE4,2026-01-30,65.29,CREDIT_CARD,PAID,ail
AIL0000621,E14B400FD87356E9,2025-12-31,65.29,EFT,PAID,ail
AIL0000622,B6824487EF4588C3,2026-03-01,338.99,CHECK,PAID,ail
AIL0000622,C3EDFA0E9D620006,2026-01-30,338.99,CREDIT_CARD,RETURNED,ail
AIL0000622,BBC2B67C9EEC1868,2025-12-31,338.99,EFT,RETURNED,ail
AIL0000623,34CEC306C39FCFB3,2026-03-01,540.66,EFT,PAID,ail
AIL0000623,BE04D96EADB35EA8,2026-01-30,540.66,EFT,RETURNED,ail
AIL0000623,DE1BAD90310E8AED,2025-12-31,540.66,CREDIT_CARD,PENDING,ail
AIL0000624,E5D23D4112A1720B,2026-03-01,1007.52,CHECK,PAID,ail
AIL0000624,8AFB9FF3A7B1ABCD,2026-01-30,1007.52,EFT,PAID,ail
AIL0000624,F65A5AA363140FCC,2025-12-31,1007.52,EFT,PAID,ail
AIL0000625,087FCDEF31C1B3F3,2026-03-01,295.34,CHECK,PENDING,ail
AIL0000625,3AC36C05FA96A00D,2026-01-30,295.34,CHECK,PENDING,ail
AIL0000625,444ABB9A251356E1,2025-12-31,295.34,CREDIT_CARD,PAID,ail
AIL0000626,030653E04E3ABB8A,2026-03-01,866.15,EFT,PAID,ail
AIL0000626,DF61DBE1B7146C44,2026-01-30,866.15,CHECK,RETURNED,ail
AIL0000626,83A1DCF0495EFE40,2025-12-31,866.15,EFT,RETURNED,ail
AIL0000627,411FEB55410CDE46,2026-03-01,2151.87,CREDIT_CARD,PAID,ail
AIL0000627,0DB1565D6D70799E,2026-01-30,2151.87,CREDIT_CARD,PAID,ail
AIL0000627,5C93E629E106AE32,2025-12-31,2151.87,CREDIT_CARD,PAID,ail
AIL0000628,B45F252F73493FEC,2026-03-01,455.56,CREDIT_CARD,PAID,ail
AIL0000628,A6A21998AFAD738E,2026-01-30,455.56,CREDIT_CARD,PAID,ail
AIL0000628,1F92BDC998837E3E,2025-12-31,455.56,EFT,PENDING,ail
AIL0000629,41659D74A93BEA35,2026-03-01,260.42,CREDIT_CARD,RETURNED,ail
AIL0000629,944BAD049161CC6C,2026-01-30,260.42,CHECK,PENDING,ail
AIL0000629,27AE500AC6C2E2BE,2025-12-31,260.42,CREDIT_CARD,PENDING,ail
AIL0000630,7B3299DF50833557,2026-03-01,238.86,CREDIT_CARD,PAID,ail
AIL0000630,4634A5F61ACA9CF6,2026-01-30,238.86,CHECK,PAID,ail
AIL0000630,09536C4A3B8879A2,2025-12-31,238.86,EFT,PENDING,ail
AIL0000631,40AC9243B5E18851,2026-03-01,225.77,EFT,PAID,ail
AIL0000631,D4E675F73427FB9E,2026-01-30,225.77,CREDIT_CARD,PAID,ail
AIL0000631,857EA11629A8F004,2025-12-31,225.77,EFT,PAID,ail
AIL0000632,1CDBD909F9CD1B18,2026-03-01,2260.67,CREDIT_CARD,PENDING,ail
AIL0000632,EB81E22464535F72,2026-01-30,2260.67,EFT,PENDING,ail
AIL0000632,845F6D5D2C22919C,2025-12-31,2260.67,CREDIT_CARD,PAID,ail
AIL0000633,2AF3D7CD364B9AA2,2026-03-01,155.24,EFT,PAID,ail
AIL0000633,03D0AC191DF1F0F5,2026-01-30,155.24,EFT,PAID,ail
AIL0000633,042AC25F008A7385,2025-12-31,155.24,EFT,PENDING,ail
AIL0000634,0B9969081D575D69,2026-03-01,1197.08,EFT,PENDING,ail
AIL0000634,ABE5A80798CC3E26,2026-01-30,1197.08,CREDIT_CARD,RETURNED,ail
AIL0000634,02DE45561F27E8B5,2025-12-31,1197.08,CREDIT_CARD,PAID,ail
AIL0000635,CBFEFD65623B3463,2026-03-01,3033.68,EFT,PAID,ail
AIL0000635,3C3826AAB97938AC,2026-01-30,3033.68,CREDIT_CARD,PAID,ail
AIL0000635,3E74BA44A65E4003,2025-12-31,3033.68,CREDIT_CARD,PAID,ail
AIL0000636,7B8AE091C9425B82,2026-03-01,1286.66,CHECK,RETURNED,ail
AIL0000636,DB30E078C4350AD5,2026-01-30,1286.66,CREDIT_CARD,PAID,ail
AIL0000636,689E77E54F304094,2025-12-31,1286.66,CREDIT_CARD,PAID,ail
AIL0000637,00EF337708ED3047,2026-03-01,612.67,EFT,PAID,ail
AIL0000637,677EBE4DC068A64C,2026-01-30,612.67,EFT,PAID,ail
AIL0000637,47691DCBD0C9DFC1,2025-12-31,612.67,CHECK,PENDING,ail
AIL0000638,0500E95554D71E4A,2026-03-01,2412.53,CREDIT_CARD,PAID,ail
AIL0000638,E59A5F4EF8F218D0,2026-01-30,2412.53,CREDIT_CARD,RETURNED,ail
AIL0000638,12E63E97178F1DD7,2025-12-31,2412.53,EFT,RETURNED,ail
AIL0000639,B57E526C1627999A,2026-03-01,329.81,EFT,PAID,ail
AIL0000639,CEC98BF10067EAA6,2026-01-30,329.81,CHECK,PENDING,ail
AIL0000639,9D36DEA066194848,2025-12-31,329.81,CREDIT_CARD,PAID,ail
AIL0000640,9D7C24CE85D5BED9,2026-03-01,380.66,EFT,PAID,ail
AIL0000640,31D46873C29D0B1C,2026-01-30,380.66,CHECK,RETURNED,ail
AIL0000640,8DD064E34B50C34D,2025-12-31,380.66,EFT,RETURNED,ail
AIL0000641,67BEE26E9F30418C,2026-03-01,1286.45,EFT,RETURNED,ail
AIL0000641,03F2FFE0C8EFF82F,2026-01-30,1286.45,CREDIT_CARD,PAID,ail
AIL0000641,8E300E9C8EDB0EF1,2025-12-31,1286.45,CREDIT_CARD,PENDING,ail
AIL0000642,A910C002AE9FF41D,2026-03-01,1490.63,CREDIT_CARD,RETURNED,ail
AIL0000642,5D34A21912990CB3,2026-01-30,1490.63,EFT,PAID,ail
AIL0000642,2E3C76796DC2D7DB,2025-12-31,1490.63,CHECK,RETURNED,ail
AIL0000643,6086A5F3E5942C30,2026-03-01,167.87,EFT,PENDING,ail
AIL0000643,F17A035505B3F116,2026-01-30,167.87,EFT,PAID,ail
AIL0000643,C395899EB39844F4,2025-12-31,167.87,CHECK,RETURNED,ail
AIL0000644,8F1F114793CABBE1,2026-03-01,395.82,EFT,RETURNED,ail
AIL0000644,1423040DFA4FA66C,2026-01-30,395.82,CREDIT_CARD,PAID,ail
AIL0000644,E5B6EAD0FAFB6C18,2025-12-31,395.82,CREDIT_CARD,PAID,ail
AIL0000645,76032584C8B1EF8C,2026-03-01,2023.78,CHECK,PAID,ail
AIL0000645,F514083EF8B53C16,2026-01-30,2023.78,EFT,RETURNED,ail
AIL0000645,B4C0C39A4A7109C6,2025-12-31,2023.78,EFT,PAID,ail
AIL0000646,C8B80C6C2F542DC6,2026-03-01,565.42,EFT,PAID,ail
AIL0000646,D5B483B6CC1791F8,2026-01-30,565.42,CREDIT_CARD,PENDING,ail
AIL0000646,9BCA0AC21786E4B7,2025-12-31,565.42,CREDIT_CARD,PENDING,ail
AIL0000647,2D519614442A584A,2026-03-01,128.26,EFT,PAID,ail
AIL0000647,55928CD57A3F4573,2026-01-30,128.26,CREDIT_CARD,PENDING,ail
AIL0000647,CFA85CC80DAB4428,2025-12-31,128.26,CREDIT_CARD,PAID,ail
AIL0000648,21C390E2EA8F37C7,2026-03-01,1619.90,EFT,PENDING,ail
AIL0000648,5F72FE574B2C8BFF,2026-01-30,1619.90,CHECK,PAID,ail
AIL0000648,817BF3CEC78D7642,2025-12-31,1619.90,EFT,PAID,ail
AIL0000649,DEA0F4F1D8355A00,2026-03-01,1692.02,CHECK,RETURNED,ail
AIL0000649,9313EA0FB5D6A793,2026-01-30,1692.02,EFT,PAID,ail
AIL0000649,3834E80B66386C22,2025-12-31,1692.02,CREDIT_CARD,PAID,ail
AIL0000650,2BF3074375987F10,2026-03-01,267.25,EFT,PAID,ail
AIL0000650,785218DEDD50F7E7,2026-01-30,267.25,EFT,PENDING,ail
AIL0000650,9C6C3C4E8F5B8149,2025-12-31,267.25,CHECK,PAID,ail
AIL0000651,A6E62C018529E74F,2026-03-01,586.85,CREDIT_CARD,PAID,ail
AIL0000651,B79257A3430679D8,2026-01-30,586.85,CHECK,PAID,ail
AIL0000651,6B707EF6FE62314E,2025-12-31,586.85,EFT,RETURNED,ail
AIL0000652,CB7AB831EE653BB6,2026-03-01,329.19,CHECK,PAID,ail
AIL0000652,C94B08D20F1536DA,2026-01-30,329.19,CHECK,PENDING,ail
AIL0000652,F2E3FDC9C0C86A82,2025-12-31,329.19,EFT,PAID,ail
AIL0000653,9C4461940043384A,2026-03-01,1549.54,EFT,RETURNED,ail
AIL0000653,FB26699F1BF5027F,2026-01-30,1549.54,CREDIT_CARD,PAID,ail
AIL0000653,14B3F3526D6A53CB,2025-12-31,1549.54,CREDIT_CARD,PAID,ail
AIL0000654,DCB8C9A0D1230280,2026-03-01,3010.93,CHECK,PAID,ail
AIL0000654,33199CE022DBA981,2026-01-30,3010.93,EFT,PAID,ail
AIL0000654,6E20CC72CF460215,2025-12-31,3010.93,CREDIT_CARD,PAID,ail
AIL0000655,41A51D1F7BDEB381,2026-03-01,348.26,CREDIT_CARD,PAID,ail
AIL0000655,C9035D4C92F1D3D0,2026-01-30,348.26,CHECK,PENDING,ail
AIL0000655,4B046117B2F9FA1A,2025-12-31,348.26,EFT,PAID,ail
AIL0000656,97D5468369C7C2DD,2026-03-01,360.43,CREDIT_CARD,PENDING,ail
AIL0000656,69810678DB82B67D,2026-01-30,360.43,CHECK,PAID,ail
AIL0000656,F4E0740F476E6A06,2025-12-31,360.43,CHECK,PAID,ail
AIL0000657,9FD90541F5970E00,2026-03-01,97.86,CREDIT_CARD,PENDING,ail
AIL0000657,7960E810FA372989,2026-01-30,97.86,EFT,PAID,ail
AIL0000657,36956A3815280E7C,2025-12-31,97.86,CREDIT_CARD,PAID,ail
AIL0000658,5A0F3CDB275AC9D6,2026-03-01,655.35,CREDIT_CARD,PENDING,ail
AIL0000658,2EE49D62AF4219DD,2026-01-30,655.35,EFT,RETURNED,ail
AIL0000658,F887AC21369D2BE1,2025-12-31,655.35,CREDIT_CARD,PAID,ail
AIL0000659,D2E84094E19D768C,2026-03-01,98.63,EFT,PAID,ail
AIL0000659,6BB17A8B26C118F2,2026-01-30,98.63,CREDIT_CARD,PAID,ail
AIL0000659,FAA0A29745E3E268,2025-12-31,98.63,CREDIT_CARD,RETURNED,ail
AIL0000660,9699E962319A009F,2026-03-01,115.98,CREDIT_CARD,PAID,ail
AIL0000660,4059D846FF17BB76,2026-01-30,115.98,CHECK,PENDING,ail
AIL0000660,4DBB55598C12D6EF,2025-12-31,115.98,EFT,PAID,ail
AIL0000661,CC3C33F5FB3CD9C8,2026-03-01,1451.44,CREDIT_CARD,PAID,ail
AIL0000661,8A4A07E1234D65CF,2026-01-30,1451.44,EFT,PAID,ail
AIL0000661,D0F95340720D576F,2025-12-31,1451.44,CHECK,PAID,ail
AIL0000662,9EB01A8E72F0B90D,2026-03-01,1551.70,CHECK,PAID,ail
AIL0000662,65A61C40F5FEEA0A,2026-01-30,1551.70,EFT,PAID,ail
AIL0000662,D31C63FBBAABF7EC,2025-12-31,1551.70,EFT,PENDING,ail
AIL0000663,C4024764E6FE01CC,2026-03-01,260.10,CHECK,PAID,ail
AIL0000663,B3288760A1027A45,2026-01-30,260.10,CHECK,PAID,ail
AIL0000663,1A0A1AF2999F64E9,2025-12-31,260.10,EFT,PAID,ail
AIL0000664,C766978E76737D16,2026-03-01,2209.48,CREDIT_CARD,RETURNED,ail
AIL0000664,AFCA225AFC7CDC3E,2026-01-30,2209.48,EFT,PAID,ail
AIL0000664,B443CDA34B80A8C6,2025-12-31,2209.48,CHECK,RETURNED,ail
AIL0000665,A243B9AB2B0E817C,2026-03-01,645.16,EFT,RETURNED,ail
AIL0000665,EB5C4ED85EF6840E,2026-01-30,645.16,EFT,PAID,ail
AIL0000665,449EE02AEEA28810,2025-12-31,645.16,CREDIT_CARD,PAID,ail
AIL0000666,152B5E5FE4999AB5,2026-03-01,3583.12,CREDIT_CARD,PAID,ail
AIL0000666,5051B949E6AF993C,2026-01-30,3583.12,CREDIT_CARD,PAID,ail
AIL0000666,02B5166D0F3CC54F,2025-12-31,3583.12,EFT,RETURNED,ail
AIL0000667,143567ED0CFF84C2,2026-03-01,165.29,CHECK,PAID,ail
AIL0000667,B82F76EFDCE202F5,2026-01-30,165.29,EFT,PAID,ail
AIL0000667,AFB6F3C9A798DEBA,2025-12-31,165.29,CREDIT_CARD,PENDING,ail
AIL0000668,56FC1A769E1D5748,2026-03-01,1805.84,EFT,RETURNED,ail
AIL0000668,D5B26840F4B3593F,2026-01-30,1805.84,CHECK,PAID,ail
AIL0000668,30F699CDB4456F0D,2025-12-31,1805.84,EFT,RETURNED,ail
AIL0000669,B552F3865A96EF37,2026-03-01,121.97,CREDIT_CARD,PENDING,ail
AIL0000669,072E4E7AA4D7809A,2026-01-30,121.97,EFT,PAID,ail
AIL0000669,64860C75FB8985BC,2025-12-31,121.97,CHECK,PENDING,ail
AIL0000670,031FDAE1B8AB8E09,2026-03-01,756.56,EFT,PENDING,ail
AIL0000670,592447394705ECBA,2026-01-30,756.56,EFT,PAID,ail
AIL0000670,0BACE8AC6DAC29B6,2025-12-31,756.56,CREDIT_CARD,PENDING,ail
AIL0000671,126F28A9107D2387,2026-03-01,1294.48,CREDIT_CARD,PAID,ail
AIL0000671,1802F730E8EC6834,2026-01-30,1294.48,EFT,PAID,ail
AIL0000671,E45402869DD97646,2025-12-31,1294.48,EFT,PENDING,ail
AIL0000672,E8C80D963E5E9986,2026-03-01,1774.46,CHECK,PENDING,ail
AIL0000672,5C812BAD0BB34C14,2026-01-30,1774.46,CHECK,PAID,ail
AIL0000672,F6B896C26855A90D,2025-12-31,1774.46,CHECK,PENDING,ail
AIL0000673,65D5231004EBB4A9,2026-03-01,4428.01,CREDIT_CARD,RETURNED,ail
AIL0000673,D301E76FE8A94B68,2026-01-30,4428.01,CREDIT_CARD,PAID,ail
AIL0000673,B795C127630915E1,2025-12-31,4428.01,CHECK,RETURNED,ail
AIL0000674,3DDBD9D1E53B7727,2026-03-01,194.45,CHECK,PENDING,ail
AIL0000674,20141450AE22C5BB,2026-01-30,194.45,CREDIT_CARD,PAID,ail
AIL0000674,D928C01191FD9B9D,2025-12-31,194.45,CHECK,PAID,ail
AIL0000675,DCA4B19E5FFDF1CF,2026-03-01,2970.60,EFT,PAID,ail
AIL0000675,755EB3647DA38784,2026-01-30,2970.60,CHECK,PAID,ail
AIL0000675,37CCA228020F8FA5,2025-12-31,2970.60,EFT,PAID,ail
AIL0000676,FC41172136677C4A,2026-03-01,1777.76,CHECK,PAID,ail
AIL0000676,6423421BE61AA316,2026-01-30,1777.76,EFT,PAID,ail
AIL0000676,4138AEEA89887D52,2025-12-31,1777.76,EFT,PENDING,ail
AIL0000677,929B4C7BF2703A23,2026-03-01,102.35,CREDIT_CARD,PAID,ail
AIL0000677,4EC66D9738A89514,2026-01-30,102.35,CHECK,PAID,ail
AIL0000677,C996A54BBCBB0658,2025-12-31,102.35,EFT,PENDING,ail
AIL0000678,D6C4222E6BF82001,2026-03-01,512.46,CREDIT_CARD,PAID,ail
AIL0000678,A31FFADD01703874,2026-01-30,512.46,CREDIT_CARD,PENDING,ail
AIL0000678,40D6C0AC82ABFB8D,2025-12-31,512.46,EFT,PAID,ail
AIL0000679,624F88A516A07B2C,2026-03-01,234.12,CHECK,RETURNED,ail
AIL0000679,9DC3A0C622D635B7,2026-01-30,234.12,EFT,PAID,ail
AIL0000679,F52B068255A28F90,2025-12-31,234.12,CHECK,PAID,ail
AIL0000680,CA3A73798E75B4BD,2026-03-01,1460.31,CREDIT_CARD,RETURNED,ail
AIL0000680,DC5714DA90CABEEB,2026-01-30,1460.31,EFT,PAID,ail
AIL0000680,97F5F3E4BCA88911,2025-12-31,1460.31,CHECK,PAID,ail
AIL0000681,D7D99CCEF4084628,2026-03-01,1205.92,EFT,RETURNED,ail
AIL0000681,2DDECD40E1DEC31A,2026-01-30,1205.92,EFT,PAID,ail
AIL0000681,854A05F95A8D9931,2025-12-31,1205.92,EFT,PAID,ail
AIL0000682,06506312E3D2549D,2026-03-01,144.86,CREDIT_CARD,PENDING,ail
AIL0000682,71E61FD1E846D688,2026-01-30,144.86,EFT,PAID,ail
AIL0000682,297F8F1ED783B9D0,2025-12-31,144.86,EFT,PENDING,ail
AIL0000683,F51A797BB34EFD5B,2026-03-01,1156.05,EFT,PAID,ail
AIL0000683,B9BE1D009BA585AE,2026-01-30,1156.05,CREDIT_CARD,PAID,ail
AIL0000683,E90F0AACE82AE245,2025-12-31,1156.05,CREDIT_CARD,PAID,ail
AIL0000684,01183A0AB908B9F4,2026-03-01,221.91,CREDIT_CARD,PAID,ail
AIL0000684,1B3E144B6F093F45,2026-01-30,221.91,EFT,PENDING,ail
AIL0000684,5F15EE3F891887A7,2025-12-31,221.91,CHECK,PENDING,ail
AIL0000685,501D5146E1772A38,2026-03-01,2503.50,CREDIT_CARD,RETURNED,ail
AIL0000685,2ADFEDF8786F186A,2026-01-30,2503.50,CREDIT_CARD,PAID,ail
AIL0000685,0B6189C4844AA5C9,2025-12-31,2503.50,CREDIT_CARD,PAID,ail
AIL0000686,3C8054CDEACB8329,2026-03-01,179.37,CHECK,PENDING,ail
AIL0000686,9A977A80B309887D,2026-01-30,179.37,EFT,PAID,ail
AIL0000686,9BD0E94E601CAF82,2025-12-31,179.37,EFT,PENDING,ail
AIL0000687,CDBFAA372C20FB0E,2026-03-01,200.79,CREDIT_CARD,PAID,ail
AIL0000687,4F9D2780E1CF33A4,2026-01-30,200.79,EFT,PAID,ail
AIL0000687,2B0A0050235AA8E9,2025-12-31,200.79,CREDIT_CARD,RETURNED,ail
AIL0000688,36B86A138D1B6ECB,2026-03-01,1224.65,CREDIT_CARD,PAID,ail
AIL0000688,ED370C84A011D446,2026-01-30,1224.65,EFT,PAID,ail
AIL0000688,0F25152B27CE0017,2025-12-31,1224.65,CHECK,PAID,ail
AIL0000689,A7A32E37475CE39F,2026-03-01,2150.28,EFT,PAID,ail
AIL0000689,865FE33CDC399FE1,2026-01-30,2150.28,CREDIT_CARD,PAID,ail
AIL0000689,F417ADC9F954018B,2025-12-31,2150.28,CHECK,PENDING,ail
AIL0000690,AC5200B5029CFBDA,2026-03-01,2891.71,EFT,PAID,ail
AIL0000690,35362888A250B2FC,2026-01-30,2891.71,EFT,PAID,ail
AIL0000690,26366874B22518DE,2025-12-31,2891.71,EFT,PAID,ail
AIL0000691,D9B97B795BF2E8DB,2026-03-01,1519.34,EFT,PAID,ail
AIL0000691,31A79435B7C52BA7,2026-01-30,1519.34,EFT,PAID,ail
AIL0000691,55E10B396AFD5FED,2025-12-31,1519.34,EFT,RETURNED,ail
AIL0000692,FBFF1829AEA3798B,2026-03-01,140.94,EFT,PAID,ail
AIL0000692,3B164E64984973B7,2026-01-30,140.94,CHECK,RETURNED,ail
AIL0000692,E731207B65DBB404,2025-12-31,140.94,CREDIT_CARD,PAID,ail
AIL0000693,122F862EC4956E6A,2026-03-01,1367.95,CREDIT_CARD,PAID,ail
AIL0000693,99249D85FD9C70C3,2026-01-30,1367.95,EFT,RETURNED,ail
AIL0000693,AF8FC8B4D01DCC22,2025-12-31,1367.95,CREDIT_CARD,PAID,ail
AIL0000694,0A76E4049BADA6C6,2026-03-01,259.21,EFT,PENDING,ail
AIL0000694,37D9F94A87E823E5,2026-01-30,259.21,EFT,PAID,ail
AIL0000694,F721E45ED796EFBC,2025-12-31,259.21,CREDIT_CARD,PENDING,ail
AIL0000695,645261F76318F1D2,2026-03-01,146.43,EFT,PAID,ail
AIL0000695,DE5ED279CD2C614B,2026-01-30,146.43,EFT,PAID,ail
AIL0000695,804740770394FC90,2025-12-31,146.43,EFT,PAID,ail
AIL0000696,D75B6911F805D526,2026-03-01,194.62,CHECK,RETURNED,ail
AIL0000696,E083EBB5C0CDF96D,2026-01-30,194.62,EFT,RETURNED,ail
AIL0000696,EE0B683A64DD4384,2025-12-31,194.62,EFT,PAID,ail
AIL0000697,5C96703D5CAF5C6A,2026-03-01,143.45,EFT,PAID,ail
AIL0000697,C3585CFBC75FA0CF,2026-01-30,143.45,CHECK,PAID,ail
AIL0000697,F71EB55D70E3C153,2025-12-31,143.45,CHECK,RETURNED,ail
AIL0000698,C52C7F939ACAF159,2026-03-01,2193.28,EFT,PAID,ail
AIL0000698,022F6CA558029D89,2026-01-30,2193.28,CHECK,PENDING,ail
AIL0000698,3094F25674202299,2025-12-31,2193.28,EFT,PAID,ail
AIL0000699,1E1296DCD5828D59,2026-03-01,440.72,EFT,PAID,ail
AIL0000699,3768C08E4177497A,2026-01-30,440.72,CHECK,PAID,ail
AIL0000699,57F119FBBD24E118,2025-12-31,440.72,CREDIT_CARD,PENDING,ail
AIL0000700,19F620A226BBF675,2026-03-01,510.15,CREDIT_CARD,PENDING,ail
AIL0000700,E2E387C2A2E01D59,2026-01-30,510.15,EFT,PENDING,ail
AIL0000700,FC800953F2FB122F,2025-12-31,510.15,CREDIT_CARD,PENDING,ail
AIL0000701,25C3CC9D68561BAD,2026-03-01,1471.52,CREDIT_CARD,PAID,ail
AIL0000701,D216D058E84DFAA4,2026-01-30,1471.52,CREDIT_CARD,PAID,ail
AIL0000701,AEC5509C922615B2,2025-12-31,1471.52,CHECK,PAID,ail
AIL0000702,3D4AC183CE145868,2026-03-01,359.65,EFT,PAID,ail
AIL0000702,F53F38C0F95F299A,2026-01-30,359.65,EFT,PAID,ail
AIL0000702,8818D2775D5B0BD9,2025-12-31,359.65,EFT,PAID,ail
AIL0000703,D0B3575EF3098246,2026-03-01,164.74,EFT,PAID,ail
AIL0000703,D59EC42EB4D70339,2026-01-30,164.74,CHECK,PENDING,ail
AIL0000703,5FB56C40072A5087,2025-12-31,164.74,CREDIT_CARD,PAID,ail
AIL0000704,63F18953BA4EC145,2026-03-01,469.96,CREDIT_CARD,PENDING,ail
AIL0000704,54B0F5527FD7559E,2026-01-30,469.96,CHECK,RETURNED,ail
AIL0000704,B87618A0E5191DB0,2025-12-31,469.96,CHECK,PAID,ail
AIL0000705,6FC41BF63D6BFF76,2026-03-01,3309.50,CHECK,PENDING,ail
AIL0000705,4556B8A2DB747F33,2026-01-30,3309.50,CHECK,RETURNED,ail
AIL0000705,C6E4472D983ACD16,2025-12-31,3309.50,CREDIT_CARD,RETURNED,ail
AIL0000706,E7EBFF3F35683BEA,2026-03-01,666.45,CHECK,PAID,ail
AIL0000706,4919D9FF57DFBA1D,2026-01-30,666.45,CHECK,PAID,ail
AIL0000706,0207006DE883A4F4,2025-12-31,666.45,CREDIT_CARD,PAID,ail
AIL0000707,F09D07F1EAC4C60C,2026-03-01,185.73,CHECK,PENDING,ail
AIL0000707,2F7410DD57790735,2026-01-30,185.73,CHECK,PENDING,ail
AIL0000707,F0A0A77DC959DBB9,2025-12-31,185.73,CHECK,PENDING,ail
AIL0000708,2E8574647259E6C4,2026-03-01,2462.76,EFT,PAID,ail
AIL0000708,FB18291FDEBFE7D3,2026-01-30,2462.76,CHECK,PAID,ail
AIL0000708,B7A7D1BAC6E43494,2025-12-31,2462.76,CREDIT_CARD,PAID,ail
AIL0000709,D04A8FF9EEE14AB3,2026-03-01,290.77,CHECK,PAID,ail
AIL0000709,43C81787F422DC84,2026-01-30,290.77,CREDIT_CARD,PENDING,ail
AIL0000709,CAEA5BFB3F70A1B2,2025-12-31,290.77,EFT,RETURNED,ail
AIL0000710,E2D979705115898B,2026-03-01,628.31,CHECK,PAID,ail
AIL0000710,73EB0A4E0E4B4DBF,2026-01-30,628.31,CREDIT_CARD,RETURNED,ail
AIL0000710,7538C985C533AF2D,2025-12-31,628.31,EFT,PAID,ail
AIL0000711,07AD45B104A05D77,2026-03-01,656.86,CREDIT_CARD,PAID,ail
AIL0000711,D26B6C2187E47DBA,2026-01-30,656.86,CHECK,PAID,ail
AIL0000711,14539CDB1EC88633,2025-12-31,656.86,CHECK,PENDING,ail
AIL0000712,47E5DF568E96551A,2026-03-01,2170.01,CHECK,PAID,ail
AIL0000712,F82E98DCD0CE2457,2026-01-30,2170.01,CREDIT_CARD,PAID,ail
AIL0000712,6ED5855D2D1CA2B3,2025-12-31,2170.01,CREDIT_CARD,RETURNED,ail
AIL0000713,E3EA46A8A6864E54,2026-03-01,2058.45,CREDIT_CARD,RETURNED,ail
AIL0000713,31A9B14C7F49D0D9,2026-01-30,2058.45,CREDIT_CARD,PAID,ail
AIL0000713,D0DCB7A3EF0AD184,2025-12-31,2058.45,CREDIT_CARD,PAID,ail
AIL0000714,E01473DF57686C78,2026-03-01,129.49,CREDIT_CARD,PAID,ail
AIL0000714,767A004B71D87C8F,2026-01-30,129.49,CHECK,PAID,ail
AIL0000714,AE957E1C667A6370,2025-12-31,129.49,CHECK,RETURNED,ail
AIL0000715,475616691C89A238,2026-03-01,1645.94,EFT,PAID,ail
AIL0000715,B344A147A119CA40,2026-01-30,1645.94,CHECK,PAID,ail
AIL0000715,89797B17EEB3AB22,2025-12-31,1645.94,EFT,PAID,ail
AIL0000716,84E69EF9A629EBB2,2026-03-01,852.61,CREDIT_CARD,PAID,ail
AIL0000716,26E85CB6EBB7E6CC,2026-01-30,852.61,CHECK,PAID,ail
AIL0000716,4F26FEDB10D28A32,2025-12-31,852.61,EFT,PAID,ail
AIL0000717,1EB2C17031E2D719,2026-03-01,1227.07,CHECK,PAID,ail
AIL0000717,F7B8895A3A099C80,2026-01-30,1227.07,CREDIT_CARD,PAID,ail
AIL0000717,C35826A537B5BA07,2025-12-31,1227.07,CHECK,PENDING,ail
AIL0000718,FE530A7E7E8F7FE9,2026-03-01,1689.05,EFT,PAID,ail
AIL0000718,60CA13D132B7B456,2026-01-30,1689.05,CREDIT_CARD,PAID,ail
AIL0000718,84A2092D2777FE38,2025-12-31,1689.05,CHECK,PAID,ail
AIL0000719,2FBD9D23A5168CDA,2026-03-01,866.74,CREDIT_CARD,RETURNED,ail
AIL0000719,20B8D865580E60E4,2026-01-30,866.74,CREDIT_CARD,PAID,ail
AIL0000719,D3C6756C5A2CFBA8,2025-12-31,866.74,CREDIT_CARD,PAID,ail
AIL0000720,A3D2E30B26994648,2026-03-01,1514.02,CREDIT_CARD,RETURNED,ail
AIL0000720,30AAA9AE9DAECEAA,2026-01-30,1514.02,CREDIT_CARD,PENDING,ail
AIL0000720,498E6BA4005D55A8,2025-12-31,1514.02,CHECK,RETURNED,ail
AIL0000721,D4E384A3C81E4C13,2026-03-01,280.59,EFT,PAID,ail
AIL0000721,6C5898363A04E4D7,2026-01-30,280.59,CHECK,PAID,ail
AIL0000721,08E5ED83F8D4866F,2025-12-31,280.59,CHECK,RETURNED,ail
AIL0000722,75888AA1F9E33543,2026-03-01,59.31,EFT,PENDING,ail
AIL0000722,7F720FFC9B6D272F,2026-01-30,59.31,EFT,PENDING,ail
AIL0000722,DA819B74D46B78F3,2025-12-31,59.31,EFT,RETURNED,ail
AIL0000723,27EDB5DB1FEB1CF5,2026-03-01,116.97,CHECK,PAID,ail
AIL0000723,F3C01D85D86701F3,2026-01-30,116.97,CREDIT_CARD,PAID,ail
AIL0000723,AD8264E38EEB2A03,2025-12-31,116.97,CREDIT_CARD,PAID,ail
AIL0000724,AA8D6F817E34EDC3,2026-03-01,3032.38,CREDIT_CARD,RETURNED,ail
AIL0000724,431B800AC3155E4B,2026-01-30,3032.38,CREDIT_CARD,PAID,ail
AIL0000724,3347216C7A7D6D78,2025-12-31,3032.38,CHECK,RETURNED,ail
AIL0000725,FACC2E3535B6C692,2026-03-01,347.34,EFT,PAID,ail
AIL0000725,EB6DB35F295094BB,2026-01-30,347.34,CREDIT_CARD,PENDING,ail
AIL0000725,C11F22401B2B5F8B,2025-12-31,347.34,CREDIT_CARD,PAID,ail
AIL0000726,FD8A2B0A8F6A201A,2026-03-01,819.12,CREDIT_CARD,PENDING,ail
AIL0000726,AA3DB493D0D0D99D,2026-01-30,819.12,CREDIT_CARD,PAID,ail
AIL0000726,5A8EA2F5F556B55C,2025-12-31,819.12,CHECK,PAID,ail
AIL0000727,FE2EE0669E30D1D6,2026-03-01,1797.56,CHECK,PAID,ail
AIL0000727,E674B2CA0C9F82AD,2026-01-30,1797.56,CHECK,PAID,ail
AIL0000727,CA54C1D7A2ABA713,2025-12-31,1797.56,CREDIT_CARD,RETURNED,ail
AIL0000728,A5D339AFDAE6C21B,2026-03-01,150.25,EFT,PENDING,ail
AIL0000728,AF0545D36595FA90,2026-01-30,150.25,CHECK,PAID,ail
AIL0000728,019DB91E3C7F1FD1,2025-12-31,150.25,CHECK,PAID,ail
AIL0000729,C5ACF2754E0D4D6F,2026-03-01,93.04,EFT,PENDING,ail
AIL0000729,E37355F3037825BA,2026-01-30,93.04,CREDIT_CARD,PAID,ail
AIL0000729,2CAD002A62A765D3,2025-12-31,93.04,CHECK,PAID,ail
AIL0000730,3AAF618766384B25,2026-03-01,1109.32,CREDIT_CARD,RETURNED,ail
AIL0000730,1031A58262D884EE,2026-01-30,1109.32,CHECK,PAID,ail
AIL0000730,5C8D5E9D0B874724,2025-12-31,1109.32,CHECK,PAID,ail
AIL0000731,A04F3F5CEFD10AF8,2026-03-01,631.80,CREDIT_CARD,PAID,ail
AIL0000731,FA33DEC06D9935F0,2026-01-30,631.80,CREDIT_CARD,PAID,ail
AIL0000731,C434917090F43724,2025-12-31,631.80,CREDIT_CARD,PAID,ail
AIL0000732,EEEFB65F91CFB235,2026-03-01,103.93,CREDIT_CARD,PAID,ail
AIL0000732,97A92B57603FEA1D,2026-01-30,103.93,EFT,PENDING,ail
AIL0000732,7F2487BC8C102BC1,2025-12-31,103.93,CHECK,PAID,ail
AIL0000733,231830A3CFAB07F4,2026-03-01,1401.55,EFT,PAID,ail
AIL0000733,2886115FF9F4FBCD,2026-01-30,1401.55,CREDIT_CARD,PAID,ail
AIL0000733,A6EB5EFADDEBAA54,2025-12-31,1401.55,CHECK,PAID,ail
AIL0000734,4EB713272650D902,2026-03-01,322.76,EFT,PAID,ail
AIL0000734,B7696E0EC07C5F32,2026-01-30,322.76,CHECK,PENDING,ail
AIL0000734,910813B5882FDC64,2025-12-31,322.76,CREDIT_CARD,RETURNED,ail
AIL0000735,797D302885F1BC46,2026-03-01,1056.44,EFT,PAID,ail
AIL0000735,E4A8844F7D94A6CE,2026-01-30,1056.44,CHECK,PAID,ail
AIL0000735,FC2EDB049A18E0E8,2025-12-31,1056.44,EFT,PAID,ail
AIL0000736,073FDF7FC3BF7D44,2026-03-01,525.63,CHECK,PAID,ail
AIL0000736,87C97761F6BDDF6E,2026-01-30,525.63,CREDIT_CARD,PENDING,ail
AIL0000736,6B9C7D7C8B713CE4,2025-12-31,525.63,CHECK,PAID,ail
AIL0000737,A186EF6FF0D20481,2026-03-01,383.38,CREDIT_CARD,PENDING,ail
AIL0000737,B166681CB2C2B691,2026-01-30,383.38,CHECK,PAID,ail
AIL0000737,A145676D17795B66,2025-12-31,383.38,CHECK,PAID,ail
AIL0000738,AC0FA13A8332D1B9,2026-03-01,1101.90,CREDIT_CARD,PENDING,ail
AIL0000738,3BB1591B2E832BBE,2026-01-30,1101.90,EFT,PAID,ail
AIL0000738,960A39741EFD393B,2025-12-31,1101.90,EFT,PAID,ail
AIL0000739,CEBBDF917C7D7F90,2026-03-01,3419.47,CHECK,PAID,ail
AIL0000739,A3DC896E902369AB,2026-01-30,3419.47,CHECK,PAID,ail
AIL0000739,0CC8FA21B601E5B2,2025-12-31,3419.47,EFT,PAID,ail
AIL0000740,4E612E346548DFC8,2026-03-01,1178.62,CHECK,PENDING,ail
AIL0000740,7F14D81C6F6D18C6,2026-01-30,1178.62,CHECK,PAID,ail
AIL0000740,733C4DEE97D47986,2025-12-31,1178.62,CHECK,PAID,ail
